firstAuthor	accessionId	publicationDate	journal	title	reportedTrait	efoTraits	bgTraits	discoverySampleAncestry	"replicationSampleAncestry"	associationCount	summaryStatistics	ssApiFlag	agreedToCc0	genotypingTechnologies	pubmedId	initialSampleDescription	"replicateSampleDescription"
"Alonso A"	GCST002729	2014-12-31	Gastroenterology	"Identification of risk loci for Crohn's disease phenotypes using a genome-wide association study."	"Crohn's disease-related phenotypes"	"stricture,ileocolitis,perianal Crohn's disease,Erythema nodosum,Crohn's disease,mild disease course,complicated disease course"	-	"1090 European"	"1296 European"	7	NA	no	-	"Genome-wide genotyping array"	25557950	"1,090 Southern European ancestry Crohn's disease cases"	"up to 1,296 Southern European ancestry Crohn's disease cases"
"Huang H"	GCST005837	2017-06-28	Nature	"Fine-mapping inflammatory bowel disease loci to single-variant resolution."	"Inflammatory bowel disease"	"ulcerative colitis,Crohn's disease,inflammatory bowel disease"	-	"69603 European"		0	NA	no	-	"Targeted genotyping array"	28658209	"20,155 European ancestry Crohn's disease cases, up to ,15,191 European ancestry ulcerative colitis cases, up to ,34,257 European ancestry controls"	NA
"Zheng T"	GCST90204146	2023-09-28	"J Crohns Colitis"	"HLA signatures as pathophysiological discriminants of microscopic colitis subtypes."	"Lymphocytic colitis"	"lymphocytic colitis"	-	"5026 European"		0	"http://ftp.ebi.ac.uk/pub/databases/gwas/summary_statistics/GCST90204001-GCST90205000/GCST90204146"	no	yes	"Genome-wide genotyping array"	37768647	"4,653 European ancestry controls"	NA
"Westerlind H"	GCST005879	2015-11-02	Gut	"Dense genotyping of immune-related loci identifies HLA variants associated with increased risk of collagenous colitis."	"Collagenous colitis"	"collagenous colitis"	-	"4216 European"	"397 European"	1	NA	no	-	"Targeted genotyping array"	26525574		"67 European ancestry cases,330 European ancestry controls"
"Zheng T"	GCST90204145	2023-09-28	"J Crohns Colitis"	"HLA signatures as pathophysiological discriminants of microscopic colitis subtypes."	"Collagenous colitis"	"collagenous colitis"	-	"14985 European"		1	"http://ftp.ebi.ac.uk/pub/databases/gwas/summary_statistics/GCST90204001-GCST90205000/GCST90204145"	no	yes	"Genome-wide genotyping array"	37768647	"1,498 European ancestry cases,13,487 European ancestry controls"	NA
"Okada Y"	GCST001118	2011-06-20	Gastroenterology	"HLA-Cw*1202-B*5201-DRB1*1502 haplotype increases risk for ulcerative colitis but reduces risk for Crohn's disease."	"Ulcerative colitis or Crohn's disease"	"ulcerative colitis,Crohn's disease"	-	"744 East Asian"	"983 East Asian"	2	NA	no	-	"Genome-wide genotyping array"	21699788		"607 Japanese ancestry Crohn's disease cases,376 Japanese ancestry ulcerative colitis cases"
"Peyrot WJ"	GCST90016611	2021-03-08	"Nat Genet"	"Identifying loci with different allele frequencies among cases of eight psychiatric disorders using CC-GWAS."	"Crohn's disease vs ulcerative colitis (ordinary least squares (OLS))"	"ulcerative colitis,Crohn's disease"	-	"12924 NR"	"25273 NR"	8	"http://ftp.ebi.ac.uk/pub/databases/gwas/summary_statistics/GCST90016001-GCST90017000/GCST90016611"	no	no	"Genome-wide genotyping array"	33686288	"5,956 Crohn's disease cases,6,968 ulcerative colitis cases"	"14,594 Crohn's disease cases,10,679 ulcerative colitis cases"
"Jung S"	GCST90179177	2022-09-26	"Hum Mol Genet"	"Case-case genome-wide association analysis identifying genetic loci with divergent effects on Crohn's disease and ulcerative colitis."	"Crohn's disease vs ulcerative colitis"	"ulcerative colitis,Crohn's disease"	-	"4534 East Asian"	"1391 East Asian"	3	NA	no	no	"Genome-wide genotyping array"	36164742	"2,359 Korean ancestry crohn's disease cases,2,175 Korean ancestry ulcerative colitis cases"	"772 Korean ancestry crohn's disease cases,619 Korean ancestry ulcerative colitis cases"
"Green HD"	GCST009081	2019-05-24	"J Crohns Colitis"	"Genome-wide association study of microscopic colitis in the UK Biobank confirms immune-related pathogenesis."	"Microscopic colitis"	"microscopic colitis"	-	"445655 European"		24	"http://ftp.ebi.ac.uk/pub/databases/gwas/summary_statistics/GCST009001-GCST010000/GCST009081"	no	-	"Genome-wide genotyping array"	31125052	"445,232 European ancestry controls"	NA
"Zheng T"	GCST90204144	2023-09-28	"J Crohns Colitis"	"HLA signatures as pathophysiological discriminants of microscopic colitis subtypes."	"Microscopic colitis"	"microscopic colitis"	-	"554942 European"		2	"http://ftp.ebi.ac.uk/pub/databases/gwas/summary_statistics/GCST90204001-GCST90205000/GCST90204144"	no	yes	"Genome-wide genotyping array"	37768647	"2,599 European ancestry cases,552,343 European ancestry controls"	NA
"Backman JD"	GCST90080216	2021-10-18	Nature	"Exome sequencing and analysis of 454,787 UK Biobank participants. "	"ICD10 K35: Acute appendicitis"	appendicitis	-	"387460 European"		0	"http://ftp.ebi.ac.uk/pub/databases/gwas/summary_statistics/GCST90080001-GCST90081000/GCST90080216"	no	yes	"Exome-wide sequencing,Genome-wide genotyping array"	34662886	"3,368 European ancestry cases,384,092 European ancestry controls"	NA
"Backman JD"	GCST90081889	2021-10-18	Nature	"Exome sequencing and analysis of 454,787 UK Biobank participants. "	"Appendicitis (Gene-based burden)"	appendicitis	-	"331754 European"		0	"http://ftp.ebi.ac.uk/pub/databases/gwas/summary_statistics/GCST90081001-GCST90082000/GCST90081889"	no	yes	"Exome-wide sequencing"	34662886	"4,527 European ancestry cases,327,227 European ancestry controls"	NA
"Backman JD"	GCST90081890	2021-10-18	Nature	"Exome sequencing and analysis of 454,787 UK Biobank participants. "	"ICD10 K37: appendicitis (Gene-based burden)"	appendicitis	-	"329052 European"		0	"http://ftp.ebi.ac.uk/pub/databases/gwas/summary_statistics/GCST90081001-GCST90082000/GCST90081890"	no	yes	"Exome-wide sequencing"	34662886	"4,175 European ancestry cases,324,877 European ancestry controls"	NA
"Backman JD"	GCST90084202	2021-10-18	Nature	"Exome sequencing and analysis of 454,787 UK Biobank participants. "	"ICD10 K35: Acute appendicitis (Gene-based burden)"	appendicitis	-	"387460 European"		0	"http://ftp.ebi.ac.uk/pub/databases/gwas/summary_statistics/GCST90084001-GCST90085000/GCST90084202"	no	yes	"Exome-wide sequencing"	34662886	"3,368 European ancestry cases,384,092 European ancestry controls"	NA
"Backman JD"	GCST90084200	2021-10-18	Nature	"Exome sequencing and analysis of 454,787 UK Biobank participants. "	"ICD10 K35.0: Acute appendicitis with generalized peritonitis (Gene-based burden)"	appendicitis	-	"387930 European"		0	"http://ftp.ebi.ac.uk/pub/databases/gwas/summary_statistics/GCST90084001-GCST90085000/GCST90084200"	no	yes	"Exome-wide sequencing"	34662886	"387,201 European ancestry controls"	NA
"Backman JD"	GCST90084201	2021-10-18	Nature	"Exome sequencing and analysis of 454,787 UK Biobank participants. "	"ICD10 K35.9: Acute appendicitis, unspecified (Gene-based burden)"	appendicitis	-	"387930 European"		0	"http://ftp.ebi.ac.uk/pub/databases/gwas/summary_statistics/GCST90084001-GCST90085000/GCST90084201"	no	yes	"Exome-wide sequencing"	34662886	"1,587 European ancestry cases,386,343 European ancestry controls"	NA
"Backman JD"	GCST90084203	2021-10-18	Nature	"Exome sequencing and analysis of 454,787 UK Biobank participants. "	"ICD10 K37: Unspecified appendicitis (Gene-based burden)"	appendicitis	-	"387660 European"		0	"http://ftp.ebi.ac.uk/pub/databases/gwas/summary_statistics/GCST90084001-GCST90085000/GCST90084203"	no	yes	"Exome-wide sequencing"	34662886	"387,117 European ancestry controls"	NA
"Backman JD"	GCST90080217	2021-10-18	Nature	"Exome sequencing and analysis of 454,787 UK Biobank participants. "	"ICD10 K37: Unspecified appendicitis"	appendicitis	-	"387660 European"		0	"http://ftp.ebi.ac.uk/pub/databases/gwas/summary_statistics/GCST90080001-GCST90081000/GCST90080217"	no	yes	"Exome-wide sequencing,Genome-wide genotyping array"	34662886	"387,117 European ancestry controls"	NA
"Dönertaş HM"	GCST90038695	2021-04-08	"Nat Aging"	"Common genetic associations between age-related diseases."	Appendicitis	appendicitis	-	"484598 NR"		0	"http://ftp.ebi.ac.uk/pub/databases/gwas/summary_statistics/GCST90038001-GCST90039000/GCST90038695"	no	yes	"Genome-wide genotyping array"	33959723	"4,089 cases,480,509 controls"	NA
"Gaitanidis A"	GCST90013428	2021-07-28	"JAMA Surg"	"Association Between NEDD4L Variation and the Genetic Risk of Acute Appendicitis: A Multi-institutional Genome-Wide Association Study."	"Acute appendicitis"	appendicitis	-	"29706 European, NR"		1	"http://ftp.ebi.ac.uk/pub/databases/gwas/summary_statistics/GCST90013001-GCST90014000/GCST90013428"	yes	-	"Genome-wide genotyping array"	34319380	"1,743 European or unknown ancestry cases,27,963 European or unknown ancestry controls"	NA
"Jiang L"	GCST90044141	2021-11-04	"Nat Genet"	"A generalized linear mixed model association tool for biobank-scale data. "	"Acute appendicitis (PheCode 540.11)"	appendicitis	-	"456348 European"		0	"http://ftp.ebi.ac.uk/pub/databases/gwas/summary_statistics/GCST90044001-GCST90045000/GCST90044141"	no	yes	"Genome-wide genotyping array"	34737426	"2,588 European ancestry cases,453,760 European ancestry controls"	NA
"Jiang L"	GCST90044142	2021-11-04	"Nat Genet"	"A generalized linear mixed model association tool for biobank-scale data. "	"Appendicitis (PheCode 540.1)"	appendicitis	-	"456348 European"		0	"http://ftp.ebi.ac.uk/pub/databases/gwas/summary_statistics/GCST90044001-GCST90045000/GCST90044142"	no	yes	"Genome-wide genotyping array"	34737426	"455,784 European ancestry controls"	NA
"Backman JD"	GCST90077904	2021-10-18	Nature	"Exome sequencing and analysis of 454,787 UK Biobank participants. "	"ICD10 K37: appendicitis"	appendicitis	-	"329052 European"		0	"http://ftp.ebi.ac.uk/pub/databases/gwas/summary_statistics/GCST90077001-GCST90078000/GCST90077904"	no	yes	"Exome-wide sequencing,Genome-wide genotyping array"	34662886	"4,175 European ancestry cases,324,877 European ancestry controls"	NA
"Backman JD"	GCST90077903	2021-10-18	Nature	"Exome sequencing and analysis of 454,787 UK Biobank participants. "	Appendicitis	appendicitis	-	"331754 European"		0	"http://ftp.ebi.ac.uk/pub/databases/gwas/summary_statistics/GCST90077001-GCST90078000/GCST90077903"	no	yes	"Exome-wide sequencing,Genome-wide genotyping array"	34662886	"4,527 European ancestry cases,327,227 European ancestry controls"	NA
"Backman JD"	GCST90080214	2021-10-18	Nature	"Exome sequencing and analysis of 454,787 UK Biobank participants. "	"ICD10 K35.0: Acute appendicitis with generalized peritonitis"	appendicitis	-	"387930 European"		0	"http://ftp.ebi.ac.uk/pub/databases/gwas/summary_statistics/GCST90080001-GCST90081000/GCST90080214"	no	yes	"Exome-wide sequencing,Genome-wide genotyping array"	34662886	"387,201 European ancestry controls"	NA
"Backman JD"	GCST90080215	2021-10-18	Nature	"Exome sequencing and analysis of 454,787 UK Biobank participants. "	"ICD10 K35.9: Acute appendicitis, unspecified"	appendicitis	-	"387930 European"		0	"http://ftp.ebi.ac.uk/pub/databases/gwas/summary_statistics/GCST90080001-GCST90081000/GCST90080215"	no	yes	"Exome-wide sequencing,Genome-wide genotyping array"	34662886	"1,587 European ancestry cases,386,343 European ancestry controls"	NA
"Ricaño-Ponce I"	GCST90132298	2022-05-25	"Front Immunol"	"Impact of Human Genetic Variation on C-Reactive Protein Concentrations and Acute Appendicitis."	"Complicated vs uncomplicated appendicitis"	appendicitis	-	"285 NR"		11	NA	no	yes	"Genome-wide genotyping array"	35693796		NA
"Ricaño-Ponce I"	GCST90132299	2022-05-25	"Front Immunol"	"Impact of Human Genetic Variation on C-Reactive Protein Concentrations and Acute Appendicitis."	"Gangrenous vs non-gangrenous appendicitis"	appendicitis	-	"285 NR"		10	NA	no	yes	"Genome-wide genotyping array"	35693796		NA
"Walters RG"	GCST90246137	2023-07-20	"Cell Genom"	"Genotyping and population characteristics of the China Kadoorie Biobank. "	"ICD10 K35: Acute appendicitis"	appendicitis	-	"76010 East Asian"		0	"http://ftp.ebi.ac.uk/pub/databases/gwas/summary_statistics/GCST90246001-GCST90247000/GCST90246137"	no	yes	"Genome-wide genotyping array"	37601966	"75,314 Chinese ancestry controls"	NA
"Walters RG"	GCST90246138	2023-07-20	"Cell Genom"	"Genotyping and population characteristics of the China Kadoorie Biobank. "	"ICD10 K37: Unspecified appendicitis"	appendicitis	-	"75899 East Asian"		0	"http://ftp.ebi.ac.uk/pub/databases/gwas/summary_statistics/GCST90246001-GCST90247000/GCST90246138"	no	yes	"Genome-wide genotyping array"	37601966	"75,631 Chinese ancestry controls"	NA
"Hamilton FW"	GCST90281155	2023-01-30	"PLoS Med"	"Therapeutic potential of IL6R blockade for the treatment of sepsis and sepsis-related death: A Mendelian randomisation study."	Appendicitis	appendicitis	-	"486484 European"		0	"http://ftp.ebi.ac.uk/pub/databases/gwas/summary_statistics/GCST90281001-GCST90282000/GCST90281155"	no	yes	"Genome-wide genotyping array"	36716318	"4,604 European ancestry cases,481,880 European ancestry controls"	NA
"Zhou W"	GCST90399676	2022-10-12	"Cell Genom"	"Global Biobank Meta-analysis Initiative: Powering genetic discovery across human disease."	"Acute appendicitis"	appendicitis	-	"1010222 European"	"29749 European"	0	"http://ftp.ebi.ac.uk/pub/databases/gwas/summary_statistics/GCST90399001-GCST90400000/GCST90399676"	no	no	"Genome-wide genotyping array"	36777996	"31,714 European ancestry cases,978,508 European ancestry controls"	"127 European ancestry cases,29,622 European ancestry controls"
"Zhou W"	GCST90399677	2022-10-12	"Cell Genom"	"Global Biobank Meta-analysis Initiative: Powering genetic discovery across human disease."	"Acute appendicitis"	appendicitis	-	"22361 South Asian,75886 East Asian,1010222 European"	"29749 European"	1	"http://ftp.ebi.ac.uk/pub/databases/gwas/summary_statistics/GCST90399001-GCST90400000/GCST90399677"	no	no	"Genome-wide genotyping array"	36777996	"22,170 South Asian ancestry controls, 801 East Asian ancestry cases,75,085 East Asian ancestry controls,31,714 European ancestry cases,978,508 European ancestry controls"	"127 European ancestry cases,29,622 European ancestry controls"
"Zhou W"	GCST90399678	2022-10-12	"Cell Genom"	"Global Biobank Meta-analysis Initiative: Powering genetic discovery across human disease."	"Acute appendicitis"	appendicitis	-	"12634 South Asian,45361 East Asian,498711 European"	"13345 European"	0	"http://ftp.ebi.ac.uk/pub/databases/gwas/summary_statistics/GCST90399001-GCST90400000/GCST90399678"	no	no	"Genome-wide genotyping array"	36777996	"12,535 South Asian ancestry female controls, 493 East Asian ancestry female cases,44,868 East Asian ancestry female controls,12,337 European ancestry female cases,486,374 European ancestry female controls"	"52 European ancestry female cases,13,293 European ancestry female controls"
"Zhou W"	GCST90399679	2022-10-12	"Cell Genom"	"Global Biobank Meta-analysis Initiative: Powering genetic discovery across human disease."	"Acute appendicitis"	appendicitis	-	"9727 South Asian,30525 East Asian,384682 European"	"16404 European"	1	"http://ftp.ebi.ac.uk/pub/databases/gwas/summary_statistics/GCST90399001-GCST90400000/GCST90399679"	no	no	"Genome-wide genotyping array"	36777996	"9,635 South Asian ancestry male controls, 308 East Asian ancestry male cases,30,217 East Asian ancestry male controls,10,367 European ancestry male cases,374,315 European ancestry male controls"	"75 European ancestry male cases,16,329 European ancestry male controls"
"Kristjansson RP"	GCST90428450	2017-06-08	"Sci Rep"	"Sequence variant at 4q25 near PITX2 associates with appendicitis."	Appendicitis	appendicitis	-	"353222 European"		1	NA	no	no	"Genome-wide sequencing,Genome-wide genotyping array"	28596592	"8,566 European ancestry cases,344,656 European ancestry controls"	NA
"Ellinghaus D"	GCST005537	2016-03-14	"Nat Genet"	"Analysis of five chronic inflammatory diseases identifies 27 new associations and highlights disease-specific patterns at shared loci."	"Chronic inflammatory diseases (ankylosing spondylitis, Crohn's disease, psoriasis, primary sclerosing cholangitis, ulcerative colitis) (pleiotropy)"	"ankylosing spondylitis,psoriasis,ulcerative colitis,Crohn's disease,sclerosing cholangitis"	-	"86475 European"		244	NA	no	-	"Targeted genotyping array"	26974007	"8,726 European ancestry ankylosing spondylitis cases,19,085 European ancestry Crohn’s disease cases,6,530 European ancestry psoriasis cases,3,408 European ancestry primary sclerosing cholangitis cases,14,513 European ancestry ulcerative colitis cases,34,213 European ancestry controls"	NA
"Broce I"	GCST005319	2018-01-09	"PLoS Med"	"Immune-related genetic enrichment in frontotemporal dementia: An analysis of genome-wide association studies."	"Frontotemporal dementia and immune-mediated diseases (pleiotropy)"	"rheumatoid arthritis,frontotemporal dementia,psoriasis,celiac disease,ulcerative colitis,Crohn's disease"	-	"149010 NR"		0	NA	no	-	"Genome-wide genotyping array"	29315334	"2,154 frontotemporal dementia cases,4,308 controls,51,109 Crohn's disease cases and controls,26,405 ulcerative colitis cases and controls,25,708 rheumatoid arthritis cases and controls,16,559 type 1 diabetes cases and controls,,15,283 celiac disease cases and controls,7,484 psoriasis cases and controls"	NA
"Broce I"	GCST005320	2018-01-09	"PLoS Med"	"Immune-related genetic enrichment in frontotemporal dementia: An analysis of genome-wide association studies."	"Progressive supranuclear palsy and immune-mediated diseases (pleiotropy)"	"rheumatoid arthritis,type 1 diabetes mellitus,psoriasis,celiac disease,ulcerative colitis,Crohn's disease,progressive supranuclear palsy"	-	"146909 NR"		0	NA	no	-	"Genome-wide genotyping array"	29315334	"1,114 progressive supranuclear palsy cases,3,247 controls,51,109 Crohn's disease cases and controls,26,405 ulcerative colitis cases and controls,25,708 rheumatoid arthritis cases and controls,16,559 type 1 diabetes cases and controls,,15,283 celiac disease cases and controls,7,484 psoriasis cases and controls"	NA
"Broce I"	GCST005321	2018-01-09	"PLoS Med"	"Immune-related genetic enrichment in frontotemporal dementia: An analysis of genome-wide association studies."	"Amyotrophic lateral sclerosis and immune-mediated diseases (pleiotropy)"	"rheumatoid arthritis,amyotrophic lateral sclerosis,type 1 diabetes mellitus,psoriasis,celiac disease,ulcerative colitis,Crohn's disease"	-	"178600 NR"		0	NA	no	-	"Genome-wide genotyping array"	29315334	"12,577 amyotrophic lateral sclerosis cases,23,475 controls,51,109 Crohn's disease cases and controls,26,405 ulcerative colitis cases and controls,25,708 rheumatoid arthritis cases and controls,16,559 type 1 diabetes cases and controls,,15,283 celiac disease cases and controls,7,484 psoriasis cases and controls"	NA
"Broce I"	GCST005322	2018-01-09	"PLoS Med"	"Immune-related genetic enrichment in frontotemporal dementia: An analysis of genome-wide association studies."	"Corticobasal degeneration and immune-mediated diseases (pleiotropy)"	"rheumatoid arthritis,type 1 diabetes mellitus,corticobasal degeneration disorder,psoriasis,celiac disease,ulcerative colitis,Crohn's disease"	-	"146011 NR"		0	NA	no	-	"Genome-wide genotyping array"	29315334	"3,311 controls,51,109 Crohn's disease cases and controls,26,405 ulcerative colitis cases and controls,25,708 rheumatoid arthritis cases and controls,16,559 type 1 diabetes cases and controls,,15,283 celiac disease cases and controls,7,484 psoriasis cases and controls"	NA
"Green HD"	GCST009080	2019-05-24	"J Crohns Colitis"	"Genome-wide association study of microscopic colitis in the UK Biobank confirms immune-related pathogenesis."	"Microscopic colitis in proton-pump inhibitor treatment"	"microscopic colitis,response to proton-pump inhibitor"	-	"46495 European"		0	NA	no	-	"Genome-wide genotyping array"	31125052	"46,397 European ancestry controls"	NA
"Liu JZ"	GCST005563	2013-06-01	"Nat Genet"	"Dense genotyping of immune-related disease regions identifies nine new risk loci for primary sclerosing cholangitis."	"Primary sclerosing cholangitis associated immune-mediated diseases (Crohn's disease, celiac disease, psoriasis, rheumatoid arthritis, sarcoidosis, type 1 diabetes or ulcerative colitis) (pleiotropy)"	"rheumatoid arthritis,sarcoidosis,type 1 diabetes mellitus,psoriasis,celiac disease,ulcerative colitis,Crohn's disease,sclerosing cholangitis"	-	"143849 European"		0	NA	no	-	"Targeted genotyping array,Genome-wide genotyping array"	23603763	"6,333 European ancestry Crohn's disease cases,4,533 European ancestry celiac disease cases,2,529 European ancestry psoriasis cases,5,539 European ancestry rheumatoid arthritis cases, 568 European ancestry sarcoidosis cases,7,514 European ancestry type I diabetes cases,6,687 European ancestry ulcerative colitis cases,3,789 European ancestry sclerosing cholangitis cases,106,357 European ancestry controls"	NA
"Juyal G"	GCST002453	2014-05-16	Gut	"Genome-wide association scan in north Indians reveals three novel HLA-independent risk loci for ulcerative colitis."	"Ulcerative colitis"	"ulcerative colitis"	-	"1225 South Asian"	"1881 South Asian"	5	NA	no	-	"Genome-wide genotyping array"	24837172		"733 North Indian ancestry cases,1,148 North Indian ancestry controls"
"Julià A"	GCST002548	2014-07-31	"Hum Mol Genet"	"A genome-wide association study identifies a novel locus at 6q22.1 associated with ulcerative colitis."	"Ulcerative colitis"	"ulcerative colitis"	-	"28694 European"	"2352 European"	9	"http://ftp.ebi.ac.uk/pub/databases/gwas/summary_statistics/GCST002001-GCST003000/GCST002548"	yes	-	"Genome-wide genotyping array"	25082827	"7,483 European ancestry cases, up to ,21,211 European ancestry controls"	"1,073 European ancestry cases,1,279 European ancestry controls"
"de Lange KM"	GCST004133	2017-01-09	"Nat Genet"	"Genome-wide association study implicates immune activation of multiple integrin genes in inflammatory bowel disease."	"Ulcerative colitis"	"ulcerative colitis"	-	"45975 European, NR"		80	"http://ftp.ebi.ac.uk/pub/databases/gwas/summary_statistics/GCST004001-GCST005000/GCST004133"	yes	-	"Genome-wide genotyping array"	28067908	"12,366 European and unknown ancestry cases,33,609 European and unknown ancestry controls"	NA
"Barrett JC"	GCST000527	2009-11-15	"Nat Genet"	"Genome-wide association study of ulcerative colitis identifies three new susceptibility loci, including the HNF4A region."	"Ulcerative colitis"	"ulcerative colitis"	-	"7778 European"	"7139 European"	13	NA	no	-	"Genome-wide genotyping array"	19915572	"2,361 European ancestry cases,5,417 European ancestry controls"	"2,321 European ancestry cases,4,818 European ancestry controls"
"Yang SK"	GCST001934	2013-04-01	"Inflamm Bowel Dis"	"Genome-wide association study of ulcerative colitis in Koreans suggests extensive overlapping of genetic susceptibility with Caucasians."	"Ulcerative colitis"	"ulcerative colitis"	-	"1127 East Asian"	"2519 East Asian"	1	NA	no	-	"Genome-wide genotyping array"	23511034		"810 Korean ancestry cases,1709 Korean ancestry controls"
"Yang SK"	GCST001938	2013-04-01	"Inflamm Bowel Dis"	"Genome-wide association study of ulcerative colitis in Koreans suggests extensive overlapping of genetic susceptibility with Caucasians."	"Ulcerative colitis"	"ulcerative colitis"	-	"1127 East Asian"	"1149 East Asian"	7	NA	no	-	"Genome-wide genotyping array"	23511034		"417 Korean ancestry cases,732 Korean ancestry controls"
"Anderson CA"	GCST000964	2011-02-06	"Nat Genet"	"Meta-analysis identifies 29 additional ulcerative colitis risk loci, increasing the number of confirmed associations to 47."	"Ulcerative colitis"	"ulcerative colitis"	-	"26405 European"	"22545 European"	47	NA	yes	-	"Genome-wide genotyping array"	21297633	"6,687 European ancestry cases,19,718 European ancestry controls"	"9,628 European ancestry cases,12,917 European ancestry controls"
"Haritunians T"	GCST000853	2010-11-01	"Inflamm Bowel Dis"	"Genetic predictors of medically refractory ulcerative colitis."	"Ulcerative colitis"	"ulcerative colitis"	-	"3462 European"		10	NA	no	-	"Genome-wide genotyping array"	20848476	"2,601 European ancestry controls"	NA
"Asano K"	GCST000529	2009-11-15	"Nat Genet"	"A genome-wide association study identifies three new susceptibility loci for ulcerative colitis in the Japanese population."	"Ulcerative colitis"	"ulcerative colitis"	-	"1310 East Asian"	"1473 East Asian"	7	NA	no	-	"Genome-wide genotyping array"	19915573		"376 Japanese ancestry cases,1,097 Japanese ancestry controls"
"Franke A"	GCST000623	2010-03-14	"Nat Genet"	"Genome-wide association study for ulcerative colitis identifies risk loci at 7q22 and 22q13 (IL17REL)."	"Ulcerative colitis"	"ulcerative colitis"	-	"2746 European"	"7967 European"	6	NA	no	-	"Genome-wide genotyping array"	20228798	"1,043 European ancestry cases,1,703 European ancestry controls"	"2,539 European ancestry cases,5,428 European ancestry controls"
"Silverberg MS"	GCST000311	2009-01-04	"Nat Genet"	"Ulcerative colitis-risk loci on chromosomes 1p36 and 12q15 found by genome-wide association study."	"Ulcerative colitis"	"ulcerative colitis"	-	"3525 European"	"2502 European"	12	NA	no	-	"Genome-wide genotyping array"	19122664	"1,022 European ancestry cases,2,503 European ancestry controls"	"1,387 European ancestry cases,1,115 European ancestry controls"
"Jostins L"	GCST001728	2012-11-01	Nature	"Host-microbe interactions have shaped the genetic architecture of inflammatory bowel disease."	"Ulcerative colitis"	"ulcerative colitis"	-	"34366 European"	"42698 European"	23	NA	yes	-	"Genome-wide genotyping array"	23128233	"12,924 European ancestry cases, up to ,21,442 European ancestry controls"	"Up to 25,683 European ancestry cases,up to 17,015 European ancestry controls"
"Franke A"	GCST000243	2008-10-05	"Nat Genet"	"Sequence variants in IL10, ARPC2 and multiple other loci contribute to ulcerative colitis susceptibility."	"Ulcerative colitis"	"ulcerative colitis"	-	"1944 European"	"4946 European"	2	NA	no	-	"Genome-wide genotyping array"	18836448	"1,167 European ancestry cases, 777 European ancestry controls"	"1,855 European ancestry cases,3,091 European ancestry controls"
"McGovern DP"	GCST000624	2010-03-14	"Nat Genet"	"Genome-wide association identifies multiple ulcerative colitis susceptibility loci."	"Ulcerative colitis"	"ulcerative colitis"	-	"9484 European"	"3589 European"	21	NA	no	-	"Genome-wide genotyping array"	20228799	"2,693 European ancestry cases,6,791 European ancestry controls"	"2,009 European ancestry cases,1,580 European ancestry controls"
"Huang C"	GCST008732	2015-11-01	Gastroenterology	"Characterization of genetic loci that affect susceptibility to inflammatory bowel diseases in African Americans."	"Ulcerative colitis"	"ulcerative colitis"	-	"2158 African American or Afro-Caribbean"		2	NA	no	-	"Targeted genotyping array"	26278503	"1,797 African American controls"	NA
"Liu JZ"	GCST003045	2015-07-20	"Nat Genet"	"Association analyses identify 38 susceptibility loci for inflammatory bowel disease and highlight shared genetic risk across populations."	"Ulcerative colitis"	"ulcerative colitis"	-	"27432 European"	"4853 East Asian,2229 South Asian,739 Greater Middle Eastern (Middle Eastern, North African or Persian),37394 European"	134	"http://ftp.ebi.ac.uk/pub/databases/gwas/summary_statistics/GCST003001-GCST004000/GCST003045"	yes	-	"Genome-wide genotyping array"	26192919	"6,968 European ancestry cases,20,464 European ancestry controls"	"10,679 European ancestry cases,26,715 European ancestry controls,397 Iranian ancestry cases,342 Iranian ancestry controls,1,239 Indian ancestry cases,990 Indian ancestry controls,1,134 East Asian ancestry cases,3,719 East Asian ancestry controls"
"Ostrowski J"	GCST003960	2016-12-23	"Sci Rep"	"Genetic architecture differences between pediatric and adult-onset inflammatory bowel diseases in the Polish population."	"Ulcerative colitis"	"ulcerative colitis"	-	"1110 European"	"558 European"	9	NA	no	-	"Genome-wide genotyping array"	28008999		"121 Polish ancestry child cases,85 Polish ancestry adult cases,352 Polish ancestry controls"
"Okamoto D"	GCST010001	2020-02-19	"Inflamm Bowel Dis"	"Genetic Analysis of Ulcerative Colitis in Japanese Individuals Using Population-specific SNP Array."	"Ulcerative colitis"	"ulcerative colitis"	-	"2563 East Asian"	"1494 East Asian"	3	NA	no	-	"Genome-wide genotyping array"	32072174	"1,962 Japanese ancestry controls"	"1,075 Japanese ancestry cases,419 Japanese ancestry controls"
"Waterman M"	GCST006583	2015-09-01	"Inflamm Bowel Dis"	"Predictors of Outcome in Ulcerative Colitis."	"Ulcerative colitis"	"ulcerative colitis"	-	"7 African unspecified,61 Asian unspecified,24 NR,507 European,2 Hispanic or Latin American"		0	NA	no	-	"Targeted genotyping array"	26177304		-
"Luo Y"	GCST008658	2017-01-09	"Nat Genet"	"Exploring the genetic architecture of inflammatory bowel disease by whole-genome sequencing identifies association at ADCY7."	"Ulcerative colitis"	"ulcerative colitis"	-	"23825 European"	"167078 European,4355 NR"	1	NA	no	-	"Genome-wide sequencing,Genome-wide genotyping array"	28067910	"7,760 European ancestry cases,16,065 European ancestry controls"	"5,054 European ancestry cases,450 cases,162,024 European ancestry controls,3,905 controls"
"Backman JD"	GCST90080234	2021-10-18	Nature	"Exome sequencing and analysis of 454,787 UK Biobank participants. "	"ICD10 K51: Ulcerative colitis"	"ulcerative colitis"	-	"387480 European"		0	"http://ftp.ebi.ac.uk/pub/databases/gwas/summary_statistics/GCST90080001-GCST90081000/GCST90080234"	no	yes	"Exome-wide sequencing,Genome-wide genotyping array"	34662886	"3,928 European ancestry cases,383,552 European ancestry controls"	NA
"Backman JD"	GCST90081852	2021-10-18	Nature	"Exome sequencing and analysis of 454,787 UK Biobank participants. "	"ICD10 K52: colitis not crohns or ulcerative colitis (Gene-based burden)"	"ulcerative colitis"	-	"329052 European"		0	"http://ftp.ebi.ac.uk/pub/databases/gwas/summary_statistics/GCST90081001-GCST90082000/GCST90081852"	no	yes	"Exome-wide sequencing"	34662886	"1,104 European ancestry cases,327,948 European ancestry controls"	NA
"Backman JD"	GCST90081851	2021-10-18	Nature	"Exome sequencing and analysis of 454,787 UK Biobank participants. "	"Colitis not crohns or ulcerative colitis (Gene-based burden)"	"ulcerative colitis"	-	"331754 European"		0	"http://ftp.ebi.ac.uk/pub/databases/gwas/summary_statistics/GCST90081001-GCST90082000/GCST90081851"	no	yes	"Exome-wide sequencing"	34662886	"1,203 European ancestry cases,330,551 European ancestry controls"	NA
"Backman JD"	GCST90084220	2021-10-18	Nature	"Exome sequencing and analysis of 454,787 UK Biobank participants. "	"ICD10 K51: Ulcerative colitis (Gene-based burden)"	"ulcerative colitis"	-	"387480 European"		0	"http://ftp.ebi.ac.uk/pub/databases/gwas/summary_statistics/GCST90084001-GCST90085000/GCST90084220"	no	yes	"Exome-wide sequencing"	34662886	"3,928 European ancestry cases,383,552 European ancestry controls"	NA
"Backman JD"	GCST90084219	2021-10-18	Nature	"Exome sequencing and analysis of 454,787 UK Biobank participants. "	"ICD10 K51.9: Ulcerative colitis, unspecified (Gene-based burden)"	"ulcerative colitis"	-	"387929 European"		0	"http://ftp.ebi.ac.uk/pub/databases/gwas/summary_statistics/GCST90084001-GCST90085000/GCST90084219"	no	yes	"Exome-wide sequencing"	34662886	"3,242 European ancestry cases,384,687 European ancestry controls"	NA
"Garcia-Etxebarria K"	GCST90020072	2022-03-01	"Sci Rep"	"Local genetic variation of inflammatory bowel disease in Basque population and its effect in risk prediction."	"Ulcerative colitis"	"ulcerative colitis"	-	"1143 European"		11	"http://ftp.ebi.ac.uk/pub/databases/gwas/summary_statistics/GCST90020001-GCST90021000/GCST90020072"	no	yes	"Genome-wide genotyping array"	35232999		NA
"Venkateswaran S"	GCST005815	2018-03-01	"Inflamm Bowel Dis"	"Enhanced Contribution of HLA in Pediatric Onset Ulcerative Colitis."	"Childhood onset ulcerative colitis"	"ulcerative colitis"	-	"2565 European"		4	NA	no	-	"Genome-wide genotyping array"	29562276	"2,099 European ancestry controls"	NA
"Dönertaş HM"	GCST90038684	2021-04-08	"Nat Aging"	"Common genetic associations between age-related diseases."	"Ulcerative colitis"	"ulcerative colitis"	-	"484598 NR"		0	"http://ftp.ebi.ac.uk/pub/databases/gwas/summary_statistics/GCST90038001-GCST90039000/GCST90038684"	no	yes	"Genome-wide genotyping array"	33959723	"2,515 cases,482,083 controls"	NA
"Ye BD"	GCST008483	2016-01-01	"Inflamm Bowel Dis"	"Identification of Ten Additional Susceptibility Loci for Ulcerative Colitis Through Immunochip Analysis in Koreans."	"Ulcerative colitis"	"ulcerative colitis"	-	"1883 South Asian"	"3674 South Asian"	5	NA	no	-	"Targeted genotyping array"	26398853	"1,178 Korean ancestry controls"	"980 Korean ancestry cases,2,694 Korean ancestry controls"
"Jiang L"	GCST90044155	2021-11-04	"Nat Genet"	"A generalized linear mixed model association tool for biobank-scale data. "	"Ulcerative colitis (PheCode 555.2)"	"ulcerative colitis"	-	"456348 European"		1	"http://ftp.ebi.ac.uk/pub/databases/gwas/summary_statistics/GCST90044001-GCST90045000/GCST90044155"	no	yes	"Genome-wide genotyping array"	34737426	"2,569 European ancestry cases,453,779 European ancestry controls"	NA
"Jiang L"	GCST90044154	2021-11-04	"Nat Genet"	"A generalized linear mixed model association tool for biobank-scale data. "	"Ulcerative colitis (chronic) (PheCode 555.21)"	"ulcerative colitis"	-	"456348 European"		0	"http://ftp.ebi.ac.uk/pub/databases/gwas/summary_statistics/GCST90044001-GCST90045000/GCST90044154"	no	yes	"Genome-wide genotyping array"	34737426	"455,841 European ancestry controls"	NA
"Somineni HK"	GCST90093117	2021-02-17	"Am J Hum Genet"	"Whole-genome sequencing of African Americans implicates differential genetic architecture in inflammatory bowel disease."	"Ulcerative colitis"	"ulcerative colitis"	-	"2051 African American or Afro-Caribbean"		0	NA	no	no	"Genome-wide sequencing"	33600772	"1,644 African American controls"	NA
"Backman JD"	GCST90081857	2021-10-18	Nature	"Exome sequencing and analysis of 454,787 UK Biobank participants. "	"Ulcerative colitis (Gene-based burden)"	"ulcerative colitis"	-	"331754 European"		0	"http://ftp.ebi.ac.uk/pub/databases/gwas/summary_statistics/GCST90081001-GCST90082000/GCST90081857"	no	yes	"Exome-wide sequencing"	34662886	"2,363 European ancestry cases,329,391 European ancestry controls"	NA
"Backman JD"	GCST90081858	2021-10-18	Nature	"Exome sequencing and analysis of 454,787 UK Biobank participants. "	"ICD10 K51: Ulcerative colitis (Gene-based burden)"	"ulcerative colitis"	-	"329052 European"		0	"http://ftp.ebi.ac.uk/pub/databases/gwas/summary_statistics/GCST90081001-GCST90082000/GCST90081858"	no	yes	"Exome-wide sequencing"	34662886	"2,210 European ancestry cases,326,842 European ancestry controls"	NA
"Backman JD"	GCST90077865	2021-10-18	Nature	"Exome sequencing and analysis of 454,787 UK Biobank participants. "	"Colitis not crohns or ulcerative colitis"	"ulcerative colitis"	-	"331754 European"		0	"http://ftp.ebi.ac.uk/pub/databases/gwas/summary_statistics/GCST90077001-GCST90078000/GCST90077865"	no	yes	"Exome-wide sequencing,Genome-wide genotyping array"	34662886	"1,203 European ancestry cases,330,551 European ancestry controls"	NA
"Backman JD"	GCST90077866	2021-10-18	Nature	"Exome sequencing and analysis of 454,787 UK Biobank participants. "	"ICD10 K52: colitis not crohns or ulcerative colitis"	"ulcerative colitis"	-	"329052 European"		0	"http://ftp.ebi.ac.uk/pub/databases/gwas/summary_statistics/GCST90077001-GCST90078000/GCST90077866"	no	yes	"Exome-wide sequencing,Genome-wide genotyping array"	34662886	"1,104 European ancestry cases,327,948 European ancestry controls"	NA
"Backman JD"	GCST90081490	2021-10-18	Nature	"Exome sequencing and analysis of 454,787 UK Biobank participants. "	"Ulcerative colitis"	"ulcerative colitis"	-	"325725 European"		0	"http://ftp.ebi.ac.uk/pub/databases/gwas/summary_statistics/GCST90081001-GCST90082000/GCST90081490"	no	yes	"Exome-wide sequencing,Genome-wide genotyping array"	34662886	"3,928 European ancestry cases,321,797 European ancestry controls"	NA
"Backman JD"	GCST90080233	2021-10-18	Nature	"Exome sequencing and analysis of 454,787 UK Biobank participants. "	"ICD10 K51.9: Ulcerative colitis, unspecified"	"ulcerative colitis"	-	"387929 European"		0	"http://ftp.ebi.ac.uk/pub/databases/gwas/summary_statistics/GCST90080001-GCST90081000/GCST90080233"	no	yes	"Exome-wide sequencing,Genome-wide genotyping array"	34662886	"3,242 European ancestry cases,384,687 European ancestry controls"	NA
"Backman JD"	GCST90077871	2021-10-18	Nature	"Exome sequencing and analysis of 454,787 UK Biobank participants. "	"Ulcerative colitis"	"ulcerative colitis"	-	"331754 European"		0	"http://ftp.ebi.ac.uk/pub/databases/gwas/summary_statistics/GCST90077001-GCST90078000/GCST90077871"	no	yes	"Exome-wide sequencing,Genome-wide genotyping array"	34662886	"2,363 European ancestry cases,329,391 European ancestry controls"	NA
"Backman JD"	GCST90077872	2021-10-18	Nature	"Exome sequencing and analysis of 454,787 UK Biobank participants. "	"ICD10 K51: Ulcerative colitis"	"ulcerative colitis"	-	"329052 European"		0	"http://ftp.ebi.ac.uk/pub/databases/gwas/summary_statistics/GCST90077001-GCST90078000/GCST90077872"	no	yes	"Exome-wide sequencing,Genome-wide genotyping array"	34662886	"2,210 European ancestry cases,326,842 European ancestry controls"	NA
"Backman JD"	GCST90085476	2021-10-18	Nature	"Exome sequencing and analysis of 454,787 UK Biobank participants. "	"Ulcerative colitis (Gene-based burden)"	"ulcerative colitis"	-	"325725 European"		0	"http://ftp.ebi.ac.uk/pub/databases/gwas/summary_statistics/GCST90085001-GCST90086000/GCST90085476"	no	yes	"Exome-wide sequencing"	34662886	"3,928 European ancestry cases,321,797 European ancestry controls"	NA
"Zorina-Lichtenwalter K"	GCST90129459	2023-05-23	Pain	"Genetic risk shared across 24 chronic pain conditions: identification and characterization with genomic structural equation modeling."	"Ulcerative colitis"	"ulcerative colitis"	-	"203984 European"		0	"http://ftp.ebi.ac.uk/pub/databases/gwas/summary_statistics/GCST90129001-GCST90130000/GCST90129459"	no	yes	"Genome-wide genotyping array"	37219871	"4,211 European ancestry cases,199,773 European ancestry controls"	NA
"Sakaue S"	GCST90018933	2021-09-30	"Nat Genet"	"A cross-population atlas of genetic associations for 220 human phenotypes."	"Ulcerative colitis"	"ulcerative colitis"	-	"417932 European,178689 East Asian"		19	"http://ftp.ebi.ac.uk/pub/databases/gwas/summary_statistics/GCST90018001-GCST90019000/GCST90018933"	no	yes	"Genome-wide genotyping array"	34594039	"5,371 European ancestry cases,412,561 European ancestry controls, 314 East Asian ancestry cases,178,375 East Asian ancestry controls"	NA
"Sakaue S"	GCST90018713	2021-09-30	"Nat Genet"	"A cross-population atlas of genetic associations for 220 human phenotypes."	"Ulcerative colitis"	"ulcerative colitis"	-	"178689 East Asian"		1	"http://ftp.ebi.ac.uk/pub/databases/gwas/summary_statistics/GCST90018001-GCST90019000/GCST90018713"	no	yes	"Genome-wide genotyping array"	34594039	"178,375 East Asian ancestry controls"	NA
"Khrom M"	GCST90301321	2023-06-01	"Inflamm Bowel Dis"	"Sex-Dimorphic Analyses Identify Novel and Sex-Specific Genetic Associations in Inflammatory Bowel Disease."	"Ulcerative colitis"	"ulcerative colitis"	-	"24307 European"		5	NA	no	no	"Genome-wide genotyping array"	37262302	"7,527 European ancestry male cases,16,780 European ancestry male controls"	NA
"Khrom M"	GCST90301322	2023-06-01	"Inflamm Bowel Dis"	"Sex-Dimorphic Analyses Identify Novel and Sex-Specific Genetic Associations in Inflammatory Bowel Disease."	"Ulcerative colitis"	"ulcerative colitis"	-	"29541 European"		9	NA	no	no	"Genome-wide genotyping array"	37262302	"7,196 European ancestry female cases,22,345 European ancestry female controls"	NA
"Khrom M"	GCST90301323	2023-06-01	"Inflamm Bowel Dis"	"Sex-Dimorphic Analyses Identify Novel and Sex-Specific Genetic Associations in Inflammatory Bowel Disease."	"Ulcerative colitis"	"ulcerative colitis"	-	"53848 European"		13	NA	no	no	"Genome-wide genotyping array"	37262302	"14,723 European ancestry cases,39,125 European ancestry controls"	NA
"Li YR"	GCST003097	2015-08-24	"Nat Med"	"Meta-analysis of shared genetic architecture across ten pediatric autoimmune diseases."	"Pediatric autoimmune diseases"	"autoimmune thyroid disease,systemic lupus erythematosus,type 1 diabetes mellitus,ankylosing spondylitis,psoriasis,common variable immunodeficiency,celiac disease,ulcerative colitis,Crohn's disease,autoimmune disease,juvenile idiopathic arthritis"	-	"16753 European"		46	NA	no	-	"Genome-wide genotyping array"	26301688	"1,086 European ancestry Type 1 diabetes cases,1,123  European ancestry juvenile idiopathic arthritis cases,1,922  European ancestry Crohn's disease cases,10,718 European ancestry controls"	NA
"de Lange KM"	GCST004131	2017-01-09	"Nat Genet"	"Genome-wide association study implicates immune activation of multiple integrin genes in inflammatory bowel disease."	"Inflammatory bowel disease"	"inflammatory bowel disease"	-	"59957 NR, European"		135	"http://ftp.ebi.ac.uk/pub/databases/gwas/summary_statistics/GCST004001-GCST005000/GCST004131"	yes	-	"Genome-wide genotyping array"	28067908	"25,042 European and unknown ancestry cases,34,915 European and unknown ancestry controls"	NA
"Imielinski M"	GCST000531	2009-11-15	"Nat Genet"	"Common variants at five new loci associated with early-onset inflammatory bowel disease."	"Inflammatory bowel disease (early onset)"	"inflammatory bowel disease"	-	"8571 European"	"6818 European"	4	NA	no	-	"Genome-wide genotyping array"	19915574	"2,413 European ancestry cases,6,158 European ancestry controls"	"1,013 European ancestry cases,5,805 European ancestry controls"
"Kugathasan S"	GCST000225	2008-08-31	"Nat Genet"	"Loci on 20q13 and 21q22 are associated with pediatric-onset inflammatory bowel disease."	"Inflammatory bowel disease"	"inflammatory bowel disease"	-	"5261 European"	"16046 European"	6	NA	no	-	"Genome-wide genotyping array"	18758464	"1,011 European ancestry cases,4,250 European ancestry controls"	"1,922 European ancestry cases,14,124 European ancestry controls"
"Duerr RH"	GCST000008	2006-10-26	Science	"A genome-wide association study identifies IL23R as an inflammatory bowel disease gene."	"Inflammatory bowel disease"	"inflammatory bowel disease"	-	"1095 European"	"1584 Other"	1	NA	no	-	"Genome-wide genotyping array"	17068223		"1,151 cases from 595 families,433 controls"
"Jostins L"	GCST001725	2012-11-01	Nature	"Host-microbe interactions have shaped the genetic architecture of inflammatory bowel disease."	"Inflammatory bowel disease"	"inflammatory bowel disease"	-	"34366 European"	"42698 European"	110	NA	yes	-	"Genome-wide genotyping array"	23128233	"12,924 European ancestry cases,21,442 European ancestry controls"	"25,683 European ancestry cases,17,015 European ancestry controls"
"Huang C"	GCST008731	2015-11-01	Gastroenterology	"Characterization of genetic loci that affect susceptibility to inflammatory bowel diseases in African Americans."	"Inflammatory bowel disease"	"inflammatory bowel disease"	-	"3308 African American or Afro-Caribbean"		3	NA	no	-	"Targeted genotyping array"	26278503	"1,511 African American cases,1,797 African American controls"	NA
"Yang SK"	GCST003602	2016-08-25	Gastroenterology	"Identification of Loci at 1q21 and 16q23 That Affect Susceptibility to Inflammatory Bowel Disease in Koreans."	"Inflammatory bowel disease"	"inflammatory bowel disease"	-	"5546 East Asian"	"5480 East Asian"	15	NA	no	-	"Genome-wide genotyping array"	27569725	"1,505 Korean ancestry cases,4,041 Korean ancestry controls"	"1,989 Korean ancestry cases,3,491 Korean ancestry controls"
"Liu JZ"	GCST003043	2015-07-20	"Nat Genet"	"Association analyses identify 38 susceptibility loci for inflammatory bowel disease and highlight shared genetic risk across populations."	"Inflammatory bowel disease"	"inflammatory bowel disease"	-	"34652 European"	"6543 East Asian,890 Greater Middle Eastern (Middle Eastern, North African or Persian),51988 European,2413 South Asian"	202	"http://ftp.ebi.ac.uk/pub/databases/gwas/summary_statistics/GCST003001-GCST004000/GCST003043"	yes	-	"Genome-wide genotyping array"	26192919	"12,882 European ancestry cases,21,770 European ancestry controls"	"25,273 European ancestry cases,26,715 European ancestry controls,548 Iranian ancestry cases,342 Iranian ancestry control,1,423 Indian ancestry cases,990 Indian ancestry controls,2,824 East Asian ancestry cases,3,719 East Asian ancestry controls"
"Ostrowski J"	GCST003958	2016-12-23	"Sci Rep"	"Genetic architecture differences between pediatric and adult-onset inflammatory bowel diseases in the Polish population."	"Inflammatory bowel disease"	"inflammatory bowel disease"	-	"1700 European"	"729 European"	18	NA	no	-	"Genome-wide genotyping array"	28008999		"192 Polish ancestry child cases,185 Polish ancestry adult cases,352 Polish ancestry controls"
"Backman JD"	GCST90081487	2021-10-18	Nature	"Exome sequencing and analysis of 454,787 UK Biobank participants. "	"Inflammatory bowel disease - loose composite"	"inflammatory bowel disease"	-	"364036 European"		0	"http://ftp.ebi.ac.uk/pub/databases/gwas/summary_statistics/GCST90081001-GCST90082000/GCST90081487"	no	yes	"Exome-wide sequencing,Genome-wide genotyping array"	34662886	"5,509 European ancestry cases,358,527 European ancestry controls"	NA
"Gettler K"	GCST011786	2020-12-24	Gastroenterology	"Common and rare variant prediction and penetrance of IBD in a large, multi-ethnic, health system-based biobank cohort."	"Inflammatory bowel disease"	"inflammatory bowel disease"	-	"7347 African American or Afro-Caribbean,40910 European"		0	NA	no	-	"Genome-wide genotyping array"	33359885	"15,507 European ancestry cases,25,403 European ancestry controls,2,345 African American cases,5,002 African American controls"	NA
"Garcia-Etxebarria K"	GCST90020070	2022-03-01	"Sci Rep"	"Local genetic variation of inflammatory bowel disease in Basque population and its effect in risk prediction."	"Inflammatory bowel disease"	"inflammatory bowel disease"	-	"1433 European"		14	"http://ftp.ebi.ac.uk/pub/databases/gwas/summary_statistics/GCST90020001-GCST90021000/GCST90020070"	no	yes	"Genome-wide genotyping array"	35232999		NA
"Koskela M"	GCST011538	2021-02-16	"Pediatr Nephrol"	"HLA-DQ and HLA-DRB1 alleles associated with Henoch-Schönlein purpura nephritis in Finnish pediatric population: a genome-wide association study."	"Inflammatory bowel disease"	"inflammatory bowel disease"	-	"18806 European"		0	NA	no	-	"Genome-wide genotyping array"	33591409	"18,757 Finnish ancestry controls"	NA
"Dönertaş HM"	GCST90038683	2021-04-08	"Nat Aging"	"Common genetic associations between age-related diseases."	"Inflammatory bowel disease"	"inflammatory bowel disease"	-	"484598 NR"		0	"http://ftp.ebi.ac.uk/pub/databases/gwas/summary_statistics/GCST90038001-GCST90039000/GCST90038683"	no	yes	"Genome-wide genotyping array"	33959723	"4,101 cases,480,497 controls"	NA
"Glanville KP"	GCST90014444	2021-06-01	"Biol Psychiatry Glob Open Sci"	"Investigating Pleiotropy Between Depression and Autoimmune Diseases Using the UK Biobank."	"Inflammatory bowel disease"	"inflammatory bowel disease"	-	"329179 European"		0	"http://ftp.ebi.ac.uk/pub/databases/gwas/summary_statistics/GCST90014001-GCST90015000/GCST90014444"	no	yes	"Genome-wide genotyping array"	34278373	"5,105 European ancestry cases,324,074 European ancestry controls"	NA
"Glanville KP"	GCST90014445	2021-06-01	"Biol Psychiatry Glob Open Sci"	"Investigating Pleiotropy Between Depression and Autoimmune Diseases Using the UK Biobank."	"Inflammatory bowel disease"	"inflammatory bowel disease"	-	"327612 European"		0	"http://ftp.ebi.ac.uk/pub/databases/gwas/summary_statistics/GCST90014001-GCST90015000/GCST90014445"	no	yes	"Genome-wide genotyping array"	34278373	"3,538 European ancestry cases,324,074 European ancestry controls"	NA
"Somineni HK"	GCST90093115	2021-02-17	"Am J Hum Genet"	"Whole-genome sequencing of African Americans implicates differential genetic architecture in inflammatory bowel disease."	"Inflammatory bowel disease"	"inflammatory bowel disease"	-	"3418 African American or Afro-Caribbean"		1	NA	no	no	"Genome-wide sequencing"	33600772	"1,774 African American cases,1,644 African American controls"	NA
"Backman JD"	GCST90081489	2021-10-18	Nature	"Exome sequencing and analysis of 454,787 UK Biobank participants. "	"Inflammatory bowel disease - strict composite"	"inflammatory bowel disease"	-	"327306 European"		0	"http://ftp.ebi.ac.uk/pub/databases/gwas/summary_statistics/GCST90081001-GCST90082000/GCST90081489"	no	yes	"Exome-wide sequencing,Genome-wide genotyping array"	34662886	"5,509 European ancestry cases,321,797 European ancestry controls"	NA
"Backman JD"	GCST90081488	2021-10-18	Nature	"Exome sequencing and analysis of 454,787 UK Biobank participants. "	"Crohn's disease"	"inflammatory bowel disease"	-	"323903 European"		0	"http://ftp.ebi.ac.uk/pub/databases/gwas/summary_statistics/GCST90081001-GCST90082000/GCST90081488"	no	yes	"Exome-wide sequencing,Genome-wide genotyping array"	34662886	"2,106 European ancestry cases,321,797 European ancestry controls"	NA
"Backman JD"	GCST90081491	2021-10-18	Nature	"Exome sequencing and analysis of 454,787 UK Biobank participants. "	"Inflammatory bowel disease"	"inflammatory bowel disease"	-	"304388 European"		0	"http://ftp.ebi.ac.uk/pub/databases/gwas/summary_statistics/GCST90081001-GCST90082000/GCST90081491"	no	yes	"Exome-wide sequencing,Genome-wide genotyping array"	34662886	"5,650 European ancestry cases,298,738 European ancestry controls"	NA
"Backman JD"	GCST90085477	2021-10-18	Nature	"Exome sequencing and analysis of 454,787 UK Biobank participants. "	"Inflammatory bowel disease (Gene-based burden)"	"inflammatory bowel disease"	-	"304388 European"		0	"http://ftp.ebi.ac.uk/pub/databases/gwas/summary_statistics/GCST90085001-GCST90086000/GCST90085477"	no	yes	"Exome-wide sequencing"	34662886	"5,650 European ancestry cases,298,738 European ancestry controls"	NA
"Backman JD"	GCST90085473	2021-10-18	Nature	"Exome sequencing and analysis of 454,787 UK Biobank participants. "	"Inflammatory bowel disease - loose composite (Gene-based burden)"	"inflammatory bowel disease"	-	"364036 European"		0	"http://ftp.ebi.ac.uk/pub/databases/gwas/summary_statistics/GCST90085001-GCST90086000/GCST90085473"	no	yes	"Exome-wide sequencing"	34662886	"5,509 European ancestry cases,358,527 European ancestry controls"	NA
"Backman JD"	GCST90085474	2021-10-18	Nature	"Exome sequencing and analysis of 454,787 UK Biobank participants. "	"Crohn's disease (Gene-based burden)"	"inflammatory bowel disease"	-	"323903 European"		0	"http://ftp.ebi.ac.uk/pub/databases/gwas/summary_statistics/GCST90085001-GCST90086000/GCST90085474"	no	yes	"Exome-wide sequencing"	34662886	"2,106 European ancestry cases,321,797 European ancestry controls"	NA
"Backman JD"	GCST90085475	2021-10-18	Nature	"Exome sequencing and analysis of 454,787 UK Biobank participants. "	"Inflammatory bowel disease - strict composite (Gene-based burden)"	"inflammatory bowel disease"	-	"327306 European"		0	"http://ftp.ebi.ac.uk/pub/databases/gwas/summary_statistics/GCST90085001-GCST90086000/GCST90085475"	no	yes	"Exome-wide sequencing"	34662886	"5,509 European ancestry cases,321,797 European ancestry controls"	NA
"Wu Y"	GCST011501	2021-02-19	"Nat Commun"	"GWAS of peptic ulcer disease implicates Helicobacter pylori infection, other gastrointestinal disorders and depression."	"Inflammatory bowel disease"	"inflammatory bowel disease"	-	"456327 European"		31	NA	no	-	"Genome-wide genotyping array"	33608531	"7,045 European ancestry cases,449,282 European ancestry controls"	NA
"Cleynen I"	GCST006960	2015-10-18	Lancet	"Inherited determinants of Crohn's disease and ulcerative colitis phenotypes: a genetic association study."	"Inflammatory bowel disease"	"inflammatory bowel disease"	-	"29838 European"	"6182 European"	0	NA	no	-	"Targeted genotyping array"	26490195	"16,902 European ancestry Crohn's disease cases,12,597 European ancestry ulcerative colitis cases, 339 European ancestry cases"	"2,453 European ancestry Crohn's disease cases,3,729 European ancestry ulcerative colitis cases"
"Mbatchou J"	GCST90013951	2021-05-20	"Nat Genet"	"Computationally efficient whole-genome regression for quantitative and binary traits."	"Inflammatory bowel disease (SPA correction)"	"inflammatory bowel disease"	-	"404781 European"		0	"http://ftp.ebi.ac.uk/pub/databases/gwas/summary_statistics/GCST90013001-GCST90014000/GCST90013951"	no	-	"Genome-wide genotyping array"	34017140	"404,781 British ancestry individuals"	NA
"Mbatchou J"	GCST90013901	2021-05-20	"Nat Genet"	"Computationally efficient whole-genome regression for quantitative and binary traits."	"Inflammatory bowel disease (Firth correction)"	"inflammatory bowel disease"	-	"404781 European"		0	"http://ftp.ebi.ac.uk/pub/databases/gwas/summary_statistics/GCST90013001-GCST90014000/GCST90013901"	no	-	"Genome-wide genotyping array"	34017140	"404,781 British ancestry individuals"	NA
"Mize TJ"	GCST90225550	2022-11-29	"Eur J Hum Genet"	"Examination of a novel expression-based gene-SNP annotation strategy to identify tissue-specific contributions to heritability in multiple traits."	"Inflammatory bowel disease"	"inflammatory bowel disease"	-	"335453 European"		0	"http://ftp.ebi.ac.uk/pub/databases/gwas/summary_statistics/GCST90225001-GCST90226000/GCST90225550"	no	yes	"Genome-wide genotyping array"	36446896	"4,859 European ancestry cases,330,594 European ancestry controls"	NA
"Jiang Y"	GCST90432147	2023-10-16	iScience	"A cross-disorder study to identify causal relationships, shared genetic variants, and genes across 21 digestive disorders."	"ICD10 K50, K51: inflammatory bowel disease"	"inflammatory bowel disease"	-	"329707 European"		34	NA	no	no	"Genome-wide genotyping array"	37965154	"116,382 European ancestry cases,213,325 European ancestry controls"	NA
"Khrom M"	GCST90301317	2023-06-01	"Inflamm Bowel Dis"	"Sex-Dimorphic Analyses Identify Novel and Sex-Specific Genetic Associations in Inflammatory Bowel Disease."	"Inflammatory bowel disease"	"inflammatory bowel disease"	-	"33201 European"		7	NA	no	no	"Genome-wide genotyping array"	37262302	"16,421 European ancestry male cases,16,780 European ancestry male controls"	NA
"Khrom M"	GCST90301318	2023-06-01	"Inflamm Bowel Dis"	"Sex-Dimorphic Analyses Identify Novel and Sex-Specific Genetic Associations in Inflammatory Bowel Disease."	"Inflammatory bowel disease"	"inflammatory bowel disease"	-	"40503 European"		29	NA	no	no	"Genome-wide genotyping array"	37262302	"18,158 European ancestry female cases,22,345 European ancestry female controls"	NA
"Khrom M"	GCST90301319	2023-06-01	"Inflamm Bowel Dis"	"Sex-Dimorphic Analyses Identify Novel and Sex-Specific Genetic Associations in Inflammatory Bowel Disease."	"Inflammatory bowel disease"	"inflammatory bowel disease"	-	"73704 European"		34	NA	no	no	"Genome-wide genotyping array"	37262302	"34,579 European ancestry cases,39,125 European ancestry controls"	NA
"Liu Z"	GCST90292538	2023-05-08	"Nat Genet"	"Genetic architecture of the inflammatory bowel diseases across East Asian and European ancestries."	"Inflammatory bowel disease"	"inflammatory bowel disease"	-	"29849 East Asian,368819 European"		242	NA	no	yes	"Genome-wide genotyping array"	37156999	"14,393 East Asian ancestry cases,15,456 East Asian ancestry controls,30,713 European ancestry cases,338,106 European ancestry controls"	NA
"Liu Z"	GCST90432182	2023-05-08	"Nat Genet"	"Genetic architecture of the inflammatory bowel diseases across East Asian and European ancestries."	"Inflammatory bowel disease"	"inflammatory bowel disease"	-	"29849 East Asian"		80	NA	no	yes	"Genome-wide genotyping array"	37156999	"14,393 East Asian ancestry cases,15,456 East Asian ancestry controls"	NA
"Auwerx C"	GCST90297678	2024-01-08	"Genome Med"	"Rare copy-number variants as modulators of common disease susceptibility."	"ICD10 K50, K51: inflammatory bowel disease (CNV duplication-only model)"	"inflammatory bowel disease"	-	"229757 European"	"70190 European"	0	"http://ftp.ebi.ac.uk/pub/databases/gwas/summary_statistics/GCST90297001-GCST90298000/GCST90297678"	no	yes	"Genome-wide genotyping array"	38185688	"4,873 British ancestry cases,224,884 British ancestry controls"	"868 European ancestry cases,69,322 European ancestry controls"
"Auwerx C"	GCST90297625	2024-01-08	"Genome Med"	"Rare copy-number variants as modulators of common disease susceptibility."	"ICD10 K50, K51: inflammatory bowel disease (CNV U-shape model)"	"inflammatory bowel disease"	-	"229757 European"	"70190 European"	0	"http://ftp.ebi.ac.uk/pub/databases/gwas/summary_statistics/GCST90297001-GCST90298000/GCST90297625"	no	yes	"Genome-wide genotyping array"	38185688	"4,873 British ancestry cases,224,884 British ancestry controls"	"868 European ancestry cases,69,322 European ancestry controls"
"Auwerx C"	GCST90297571	2024-01-08	"Genome Med"	"Rare copy-number variants as modulators of common disease susceptibility."	"ICD10 K50, K51: inflammatory bowel disease (CNV mirror model)"	"inflammatory bowel disease"	-	"229757 European"	"70190 European"	0	"http://ftp.ebi.ac.uk/pub/databases/gwas/summary_statistics/GCST90297001-GCST90298000/GCST90297571"	no	yes	"Genome-wide genotyping array"	38185688	"4,873 British ancestry cases,224,884 British ancestry controls"	"868 European ancestry cases,69,322 European ancestry controls"
"Auwerx C"	GCST90297743	2024-01-08	"Genome Med"	"Rare copy-number variants as modulators of common disease susceptibility."	"ICD10 K50, K51: inflammatory bowel disease (CNV deletion-only model)"	"inflammatory bowel disease"	-	"229757 European"	"70190 European"	0	"http://ftp.ebi.ac.uk/pub/databases/gwas/summary_statistics/GCST90297001-GCST90298000/GCST90297743"	no	yes	"Genome-wide genotyping array"	38185688	"4,873 British ancestry cases,224,884 British ancestry controls"	"868 European ancestry cases,69,322 European ancestry controls"
"de Lange KM"	GCST004132	2017-01-09	"Nat Genet"	"Genome-wide association study implicates immune activation of multiple integrin genes in inflammatory bowel disease."	"Crohn's disease"	"Crohn's disease"	-	"40266 European, NR"		119	"http://ftp.ebi.ac.uk/pub/databases/gwas/summary_statistics/GCST004001-GCST005000/GCST004132"	yes	-	"Genome-wide genotyping array"	28067908	"12,194 European and unknown ancestry cases,28,072 European and unknown ancestry controls"	NA
"Rioux JD"	GCST000023	2007-04-15	"Nat Genet"	"Genome-wide association study identifies new susceptibility loci for Crohn disease and implicates autophagy in disease pathogenesis."	"Crohn's disease"	"Crohn's disease"	-	"1923 NR"	"2150 NR"	4	NA	no	-	"Genome-wide genotyping array"	17435756		"530 trios,353 cases,207 controls"
"Yamazaki K"	GCST001785	2012-12-21	Gastroenterology	"A genome-wide association study identifies 2 susceptibility Loci for Crohn's disease in a Japanese population."	"Crohn's disease"	"Crohn's disease"	-	"3761 East Asian"	"16951 East Asian"	11	NA	no	-	"Genome-wide genotyping array"	23266558	"3,389 Japanese ancestry controls"	"Up to 1,151 Japanese ancestry cases,up to 15,800 Japanese ancestry controls"
"McGovern DP"	GCST000705	2010-06-22	"Hum Mol Genet"	"Fucosyltransferase 2 (FUT2) non-secretor status is associated with Crohn's disease."	"Crohn's disease"	"Crohn's disease"	-	"4099 European"	"1531 European"	7	NA	no	-	"Genome-wide genotyping array"	20570966	"3,204 European ancestry controls"	"1,174 European ancestry cases,357 European ancestry controls"
"Huang J"	GCST001396	2012-02-01	"Eur J Hum Genet"	"1000 Genomes-based imputation identifies novel and refined associations for the Wellcome Trust Case Control Consortium phase 1 Data."	"Crohn's disease"	"Crohn's disease"	-	"16179 European"		1	NA	no	-	"Genome-wide genotyping array"	22293688	"16,179 European ancestry individuals"	NA
"Wellcome Trust Case Control Consortium"	GCST000042	2007-06-07	Nature	"Genome-wide association study of 14,000 cases of seven common diseases and 3,000 shared controls."	"Crohn's disease"	"Crohn's disease"	-	"4686 European"		13	NA	no	-	"Genome-wide genotyping array"	17554300	"1,748 European ancestry cases,2,938 European ancestry controls"	"(see Parkes 2007)"
"Barrett JC"	GCST000207	2008-06-29	"Nat Genet"	"Genome-wide association defines more than 30 distinct susceptibility loci for Crohn's disease."	"Crohn's disease"	"Crohn's disease"	-	"9541 European"	"8151 European"	30	NA	no	-	"Genome-wide genotyping array"	18587394	"3,230 European ancestry cases,4,829 European ancestry controls"	"1,339 European ancestry trios,2,325 European ancestry cases,1,809 European ancestry controls"
"Dubinsky MC"	GCST002018	2013-05-09	"Inflamm Bowel Dis"	"Multidimensional prognostic risk assessment identifies association between IL12B variation and surgery in Crohn's disease."	"Crohn's disease (time to surgery)"	"Crohn's disease"	-	"983 European"		1	NA	no	-	"Genome-wide genotyping array"	23665963		NA
"Dubinsky MC"	GCST002017	2013-05-09	"Inflamm Bowel Dis"	"Multidimensional prognostic risk assessment identifies association between IL12B variation and surgery in Crohn's disease."	"Crohn's disease (need for surgery)"	"Crohn's disease"	-	"614 European"		2	NA	no	-	"Genome-wide genotyping array"	23665963		NA
"Franke A"	GCST000879	2010-11-21	"Nat Genet"	"Genome-wide meta-analysis increases to 71 the number of confirmed Crohn's disease susceptibility loci."	"Crohn's disease"	"Crohn's disease"	-	"21389 European"	"30962 European"	71	"http://ftp.ebi.ac.uk/pub/databases/gwas/summary_statistics/GCST000001-GCST001000/GCST000879"	yes	-	"Genome-wide genotyping array"	21102463	"6,333 European ancestry cases,15,056 European ancestry controls"	"15,694 European ancestry cases,14,026 European ancestry controls,414 European ancestry trios"
"Parkes M"	GCST000039	2007-06-06	"Nat Genet"	"Sequence variants in the autophagy gene IRGM and multiple other replicating loci contribute to Crohn's disease susceptibility."	"Crohn's disease"	"Crohn's disease"	-	"4686 NR"	"3206 European"	9	NA	no	-	"Genome-wide genotyping array"	17554261	"1,748 cases,2,938 controls"	"1,182 European ancestry cases,2,024 European ancestry controls"
"Jostins L"	GCST001729	2012-11-01	Nature	"Host-microbe interactions have shaped the genetic architecture of inflammatory bowel disease."	"Crohn's disease"	"Crohn's disease"	-	"34366 European"	"42698 European"	30	NA	yes	-	"Genome-wide genotyping array"	23128233	"12,924 European ancestry cases, up to ,21,442 European ancestry controls "	"Up to 25,683 European ancestry cases,up to 17,015 European ancestry controls "
"Libioulle C"	GCST000014	2007-03-05	"PLoS Genet"	"Novel Crohn disease locus identified by genome-wide association maps to a gene desert on 5p13.1 and modulates expression of PTGER4."	"Crohn's disease"	"Crohn's disease"	-	"1475 European"	"3109 European"	3	NA	no	-	"Genome-wide genotyping array"	17447842		"1,266 European ancestry cases,559 European ancestry controls,Up to 428 European ancestry trios"
"Kenny EE"	GCST001438	2012-03-08	"PLoS Genet"	"A genome-wide scan of Ashkenazi Jewish Crohn's disease suggests novel susceptibility loci."	"Crohn's disease"	"Crohn's disease"	-	"2994 European"	"3095 European"	17	NA	no	-	"Genome-wide genotyping array"	22412388	"2,257  Ashkenazi Jewish controls"	"971 Ashkenazi Jewish cases,2,124 Ashkenazi Jewish controls"
"Franke A"	GCST000066	2007-08-08	"PLoS One"	"Systematic association mapping identifies NELL1 as a novel IBD disease gene."	"Crohn's disease"	"Crohn's disease"	-	"792 European"	"6309 European"	3	NA	no	-	"Genome-wide genotyping array"	17684544		"375 European ancestry trios,1,395 European ancestry cases,1,603 European ancestry controls,454 French Canadian founder trios,466 French Canadian founder cases,358 French Canadian founder controls"
"Raelson JV"	GCST000071	2007-09-05	"Proc Natl Acad Sci U S A"	"Genome-wide association study for Crohn's disease in the Quebec Founder Population identifies multiple validated disease loci."	"Crohn's disease"	"Crohn's disease"	-	"1146 European"	"3141 European"	3	NA	no	-	"Genome-wide genotyping array"	17804789		"750 European ancestry cases,828 European ancestry controls,521 European ancestry trios"
"Kakuta Y"	GCST010577	2020-06-24	"Sci Rep"	"An Integrated Genomic and Transcriptomic Analysis Reveals Candidates of Susceptibility Genes for Crohn's Disease in Japanese Populations."	"Crohn's disease"	"Crohn's disease"	-	"2776 East Asian"		24	NA	no	-	"Genome-wide genotyping array"	32581322	"2,063 Japanese ancestry controls"	NA
"Huang C"	GCST008730	2015-11-01	Gastroenterology	"Characterization of genetic loci that affect susceptibility to inflammatory bowel diseases in African Americans."	"Crohn's disease"	"Crohn's disease"	-	"2885 African American or Afro-Caribbean"		1	NA	no	-	"Targeted genotyping array"	26278503	"1,088 African American cases,1,797 African American controls"	NA
"Jung ES"	GCST003360	2016-02-18	"Inflamm Bowel Dis"	"HLA-C*01 is a Risk Factor for Crohn's Disease."	"Crohn's disease"	"Crohn's disease"	-	"2644 East Asian"	"1308 East Asian"	5	NA	no	-	"Genome-wide genotyping array"	26891255	"2,369 Korean ancestry controls"	"242 Korean ancestry cases,1,066 Korean ancestry controls"
"Liu JZ"	GCST003044	2015-07-20	"Nat Genet"	"Association analyses identify 38 susceptibility loci for inflammatory bowel disease and highlight shared genetic risk across populations."	"Crohn's disease"	"Crohn's disease"	-	"20883 European"	"41309 European,1174 South Asian,5409 East Asian,493 Greater Middle Eastern (Middle Eastern, North African or Persian)"	165	"http://ftp.ebi.ac.uk/pub/databases/gwas/summary_statistics/GCST003001-GCST004000/GCST003044"	yes	-	"Genome-wide genotyping array"	26192919	"5,956 European ancestry cases,14,927 European ancestry controls"	"14,594 European ancestry cases,26,715 European ancestry controls,151 Iranian ancestry cases,342 Iranian ancestry controls,184 Indian ancestry cases,990 Indian ancestry controls,1,690 East Asian ancestry cases,3,719 East Asian ancestry controls"
"Ostrowski J"	GCST003959	2016-12-23	"Sci Rep"	"Genetic architecture differences between pediatric and adult-onset inflammatory bowel diseases in the Polish population."	"Crohn's disease"	"Crohn's disease"	-	"1172 European"	"523 European"	9	NA	no	-	"Genome-wide genotyping array"	28008999		"71 Polish ancestry child cases,100 Polish ancestry adult cases,352 Polish ancestry controls"
"Julià A"	GCST001652	2012-08-30	Gut	"A genome-wide association study on a southern European population identifies a new Crohn's disease susceptibility locus at RBX1-EP300."	"Crohn's disease"	"Crohn's disease"	-	"2765 European"	"2761 European"	10	NA	no	-	"Genome-wide genotyping array"	22936669	"1,277 European ancestry cases,1,488 European ancestry controls"	"1,365 European ancestry cases,1,396 European ancestry controls"
"Yang SK"	GCST002094	2013-07-14	Gut	"Genome-wide association study of Crohn's disease in Koreans revealed three new susceptibility loci and common attributes of genetic susceptibility across ethnic populations."	"Crohn's disease"	"Crohn's disease"	-	"1265 East Asian"	"3488 East Asian"	8	NA	no	-	"Genome-wide genotyping array"	23850713		"1,779 Korean ancestry cases,1,709 Korean ancestry controls"
"Backman JD"	GCST90081855	2021-10-18	Nature	"Exome sequencing and analysis of 454,787 UK Biobank participants. "	"Crohns disease (Gene-based burden)"	"Crohn's disease"	-	"331754 European"		0	"http://ftp.ebi.ac.uk/pub/databases/gwas/summary_statistics/GCST90081001-GCST90082000/GCST90081855"	no	yes	"Exome-wide sequencing"	34662886	"1,324 European ancestry cases,330,430 European ancestry controls"	NA
"Backman JD"	GCST90081856	2021-10-18	Nature	"Exome sequencing and analysis of 454,787 UK Biobank participants. "	"ICD10 K50: crohns disease (Gene-based burden)"	"Crohn's disease"	-	"329052 European"		0	"http://ftp.ebi.ac.uk/pub/databases/gwas/summary_statistics/GCST90081001-GCST90082000/GCST90081856"	no	yes	"Exome-wide sequencing"	34662886	"1,250 European ancestry cases,327,802 European ancestry controls"	NA
"Backman JD"	GCST90084217	2021-10-18	Nature	"Exome sequencing and analysis of 454,787 UK Biobank participants. "	"ICD10 K50.9: Crohn's disease, unspecified (Gene-based burden)"	"Crohn's disease"	-	"387925 European"		0	"http://ftp.ebi.ac.uk/pub/databases/gwas/summary_statistics/GCST90084001-GCST90085000/GCST90084217"	no	yes	"Exome-wide sequencing"	34662886	"1,697 European ancestry cases,386,228 European ancestry controls"	NA
"Backman JD"	GCST90084218	2021-10-18	Nature	"Exome sequencing and analysis of 454,787 UK Biobank participants. "	"ICD10 K50: Crohn's disease [regional enteritis] (Gene-based burden)"	"Crohn's disease"	-	"387592 European"		0	"http://ftp.ebi.ac.uk/pub/databases/gwas/summary_statistics/GCST90084001-GCST90085000/GCST90084218"	no	yes	"Exome-wide sequencing"	34662886	"2,106 European ancestry cases,385,486 European ancestry controls"	NA
"Backman JD"	GCST90084216	2021-10-18	Nature	"Exome sequencing and analysis of 454,787 UK Biobank participants. "	"ICD10 K50.1: Crohn's disease of large intestine (Gene-based burden)"	"Crohn's disease"	-	"387930 European"		0	"http://ftp.ebi.ac.uk/pub/databases/gwas/summary_statistics/GCST90084001-GCST90085000/GCST90084216"	no	yes	"Exome-wide sequencing"	34662886	"387,339 European ancestry controls"	NA
"Garcia-Etxebarria K"	GCST90020071	2022-03-01	"Sci Rep"	"Local genetic variation of inflammatory bowel disease in Basque population and its effect in risk prediction."	"Crohn's disease"	"Crohn's disease"	-	"1219 European"		15	"http://ftp.ebi.ac.uk/pub/databases/gwas/summary_statistics/GCST90020001-GCST90021000/GCST90020071"	no	yes	"Genome-wide genotyping array"	35232999		NA
"Backman JD"	GCST90080232	2021-10-18	Nature	"Exome sequencing and analysis of 454,787 UK Biobank participants. "	"ICD10 K50: Crohn's disease [regional enteritis]"	"Crohn's disease"	-	"387592 European"		0	"http://ftp.ebi.ac.uk/pub/databases/gwas/summary_statistics/GCST90080001-GCST90081000/GCST90080232"	no	yes	"Exome-wide sequencing,Genome-wide genotyping array"	34662886	"2,106 European ancestry cases,385,486 European ancestry controls"	NA
"Kakuta Y"	GCST007216	2018-11-29	"J Crohns Colitis"	"A genome-wide association study identifying RAP1A as a novel susceptibility gene for Crohn's disease in Japanese individuals. "	"Crohn's disease"	"Crohn's disease"	-	"2796 East Asian"	"1622 East Asian"	9	NA	no	-	"Genome-wide genotyping array"	30500874	"2,083 Japanese ancestry controls"	"770 Japanese ancestry cases,852 Japanese ancestry controls"
"Yang SK"	GCST008485	2015-01-01	"Inflamm Bowel Dis"	"Immunochip analysis identification of 6 additional susceptibility loci for Crohn's disease in Koreans."	"Crohn's disease"	"Crohn's disease"	-	"1183 South Asian"	"1925 South Asian"	6	NA	no	-	"Targeted genotyping array"	25489960		"948 Korean ancestry cases,977 Korean ancestry controls"
"Jung S"	GCST90103738	2022-05-05	"Hum Mol Genet"	"Identification of shared loci associated with both Crohn's disease and leprosy in east Asians. "	"Crohn's disease"	"Crohn's disease"	-	"6040 East Asian"	"1226 East Asian"	5	"http://ftp.ebi.ac.uk/pub/databases/gwas/summary_statistics/GCST90103001-GCST90104000/GCST90103738"	no	yes	"Genome-wide genotyping array"	35512355	"1,621 Korean ancestry cases,4,419 Korean ancestry controls"	"738 Korean ancestry cases,488 Korean ancestry controls"
"Jiang L"	GCST90044153	2021-11-04	"Nat Genet"	"A generalized linear mixed model association tool for biobank-scale data. "	"Regional enteritis (PheCode 555.1)"	"Crohn's disease"	-	"456348 European"		0	"http://ftp.ebi.ac.uk/pub/databases/gwas/summary_statistics/GCST90044001-GCST90045000/GCST90044153"	no	yes	"Genome-wide genotyping array"	34737426	"1,342 European ancestry cases,455,006 European ancestry controls"	NA
"Kim K"	GCST90319897	2023-07-31	"J Crohns Colitis"	"Regulatory Variants on the Leukocyte Immunoglobulin-Like Receptor Gene Cluster are Associated with Crohn's Disease and Interact with Regulatory Variants for TAP2."	"Crohn's disease"	"Crohn's disease"	-	"79121 East Asian"		28	NA	no	no	"Genome-wide genotyping array"	37523193	"2,523 Korean ancestry cases,76,598 Korean ancestry controls"	NA
"Somineni HK"	GCST90093116	2021-02-17	"Am J Hum Genet"	"Whole-genome sequencing of African Americans implicates differential genetic architecture in inflammatory bowel disease."	"Crohn's disease"	"Crohn's disease"	-	"2979 African American or Afro-Caribbean"		1	NA	no	no	"Genome-wide sequencing"	33600772	"1,335 African American cases,1,644 African American controls"	NA
"Backman JD"	GCST90077869	2021-10-18	Nature	"Exome sequencing and analysis of 454,787 UK Biobank participants. "	"Crohns disease"	"Crohn's disease"	-	"331754 European"		0	"http://ftp.ebi.ac.uk/pub/databases/gwas/summary_statistics/GCST90077001-GCST90078000/GCST90077869"	no	yes	"Exome-wide sequencing,Genome-wide genotyping array"	34662886	"1,324 European ancestry cases,330,430 European ancestry controls"	NA
"Backman JD"	GCST90077870	2021-10-18	Nature	"Exome sequencing and analysis of 454,787 UK Biobank participants. "	"ICD10 K50: crohns disease"	"Crohn's disease"	-	"329052 European"		0	"http://ftp.ebi.ac.uk/pub/databases/gwas/summary_statistics/GCST90077001-GCST90078000/GCST90077870"	no	yes	"Exome-wide sequencing,Genome-wide genotyping array"	34662886	"1,250 European ancestry cases,327,802 European ancestry controls"	NA
"Backman JD"	GCST90080230	2021-10-18	Nature	"Exome sequencing and analysis of 454,787 UK Biobank participants. "	"ICD10 K50.1: Crohn's disease of large intestine"	"Crohn's disease"	-	"387930 European"		0	"http://ftp.ebi.ac.uk/pub/databases/gwas/summary_statistics/GCST90080001-GCST90081000/GCST90080230"	no	yes	"Exome-wide sequencing,Genome-wide genotyping array"	34662886	"387,339 European ancestry controls"	NA
"Backman JD"	GCST90080231	2021-10-18	Nature	"Exome sequencing and analysis of 454,787 UK Biobank participants. "	"ICD10 K50.9: Crohn's disease, unspecified"	"Crohn's disease"	-	"387925 European"		0	"http://ftp.ebi.ac.uk/pub/databases/gwas/summary_statistics/GCST90080001-GCST90081000/GCST90080231"	no	yes	"Exome-wide sequencing,Genome-wide genotyping array"	34662886	"1,697 European ancestry cases,386,228 European ancestry controls"	NA
"Zorina-Lichtenwalter K"	GCST90129433	2023-05-23	Pain	"Genetic risk shared across 24 chronic pain conditions: identification and characterization with genomic structural equation modeling."	"Crohn's disease"	"Crohn's disease"	-	"202856 European"		0	"http://ftp.ebi.ac.uk/pub/databases/gwas/summary_statistics/GCST90129001-GCST90130000/GCST90129433"	no	yes	"Genome-wide genotyping array"	37219871	"1,826 European ancestry cases,201,030 European ancestry controls"	NA
"Khrom M"	GCST90301325	2023-06-01	"Inflamm Bowel Dis"	"Sex-Dimorphic Analyses Identify Novel and Sex-Specific Genetic Associations in Inflammatory Bowel Disease."	"Crohn's disease"	"Crohn's disease"	-	"25433 European"		4	NA	no	no	"Genome-wide genotyping array"	37262302	"8,653 European ancestry male cases,16,780 European ancestry male controls"	NA
"Khrom M"	GCST90301326	2023-06-01	"Inflamm Bowel Dis"	"Sex-Dimorphic Analyses Identify Novel and Sex-Specific Genetic Associations in Inflammatory Bowel Disease."	"Crohn's disease"	"Crohn's disease"	-	"33105 European"		22	NA	no	no	"Genome-wide genotyping array"	37262302	"10,760 European ancestry female cases,22,345 European ancestry female controls"	NA
"Khrom M"	GCST90301327	2023-06-01	"Inflamm Bowel Dis"	"Sex-Dimorphic Analyses Identify Novel and Sex-Specific Genetic Associations in Inflammatory Bowel Disease."	"Crohn's disease"	"Crohn's disease"	-	"58538 European"		24	NA	no	no	"Genome-wide genotyping array"	37262302	"19,413 European ancestry cases,39,125 European ancestry controls"	NA
"Ellinghaus D"	GCST001615	2012-07-23	Hepatology	"Genome-wide association analysis in primary sclerosing cholangitis and ulcerative colitis identifies risk loci at GPR35 and TCF4."	"Sclerosing cholangitis and ulcerative colitis (combined)"	"ulcerative colitis,sclerosing cholangitis"	-	"4356 European"	"17115 NR"	2	NA	no	-	"Genome-wide genotyping array"	22821403	"2,968 European ancestry controls"	"1,012 European ancestry primary sclerosing cholangitis cases,4,444 European ancestry ulcerative colitis cases,11,659 European ancestry controls"
"Peyrot WJ"	GCST90016625	2021-03-08	"Nat Genet"	"Identifying loci with different allele frequencies among cases of eight psychiatric disorders using CC-GWAS."	"Ulcerative colitis vs rheumatoid arthritis (ordinary least squares (OLS))"	"rheumatoid arthritis,ulcerative colitis"	-	"15843 NR"	"16165 NR"	15	"http://ftp.ebi.ac.uk/pub/databases/gwas/summary_statistics/GCST90016001-GCST90017000/GCST90016625"	no	no	"Genome-wide genotyping array"	33686288	"6,968 ulcerative colitis cases,8,875 rheumatoid arthritis cases"	"10,679 ulcerative colitis cases,5,486 rheumatoid arthritis cases"
"Yadav P"	GCST90137950	2017-05-12	Gastroenterology	"Genetic Factors Interact With Tobacco Smoke to Modify Risk for Inflammatory Bowel Disease in Humans and Mice."	"Ulcerative colitis x smoking status (never vs ever smoking) interaction"	"smoking status measurement,ulcerative colitis"	-	"13766 NR"		1	NA	no	no	"Targeted genotyping array"	28506689	"8,879 cases,4,887 controls"	NA
"Yadav P"	GCST90137953	2017-05-12	Gastroenterology	"Genetic Factors Interact With Tobacco Smoke to Modify Risk for Inflammatory Bowel Disease in Humans and Mice."	"Ulcerative colitis x smoking status (never vs current smoking) interaction"	"smoking status measurement,ulcerative colitis"	-	"13766 NR"		7	NA	no	no	"Targeted genotyping array"	28506689	"8,879 cases,4,887 controls"	NA
"Yadav P"	GCST90137956	2017-05-12	Gastroenterology	"Genetic Factors Interact With Tobacco Smoke to Modify Risk for Inflammatory Bowel Disease in Humans and Mice."	"Ulcerative colitis x smoking status (never vs former smoking) interaction"	"smoking status measurement,ulcerative colitis"	-	"13766 NR"		1	NA	no	no	"Targeted genotyping array"	28506689	"8,879 cases,4,887 controls"	NA
"Khrom M"	GCST90301324	2023-06-01	"Inflamm Bowel Dis"	"Sex-Dimorphic Analyses Identify Novel and Sex-Specific Genetic Associations in Inflammatory Bowel Disease."	"Ulcerative colitis x sex interaction (2df)"	"sex interaction measurement,ulcerative colitis"	-	"53848 European"		14	NA	no	no	"Genome-wide genotyping array"	37262302	"14,723 European ancestry cases,39,125 European ancestry controls"	NA
"Yu X"	GCST90428831	2024-04-15	"BMC Med"	"Shared genetic architecture between autoimmune disorders and B-cell acute lymphoblastic leukemia: insights from large-scale genome-wide cross-trait analysis."	"B-cell lymphoblastic leukemia or ulcerative colitis (pleiotropy)"	"B-cell acute lymphoblastic leukemia,ulcerative colitis"	-	"67962 European"		0	NA	no	no	"Genome-wide genotyping array"	38616254	"12,366 European ancestry ulcerative colitis cases,5,321 European ancestry B-ALL cases,50,275 European ancestry controls"	NA
"Garcia-Etxebarria K"	GCST90179123	2022-08-29	"Cancers (Basel)"	"Performance of the Use of Genetic Information to Assess the Risk of Colorectal Cancer in the Basque Population."	"Colorectal cancer vs inflammatory bowel disease"	"colorectal cancer,inflammatory bowel disease"	-	"1327 European"		11	NA	no	yes	"Genome-wide genotyping array"	36077729		NA
"Yadav P"	GCST90137951	2017-05-12	Gastroenterology	"Genetic Factors Interact With Tobacco Smoke to Modify Risk for Inflammatory Bowel Disease in Humans and Mice."	"Inflammatory bowel disease x smoking status (never vs ever smoking) interaction"	"smoking status measurement,inflammatory bowel disease"	-	"24622 NR"		1	NA	no	no	"Targeted genotyping array"	28506689	"19,735 cases,4,887 controls"	NA
"Yadav P"	GCST90137954	2017-05-12	Gastroenterology	"Genetic Factors Interact With Tobacco Smoke to Modify Risk for Inflammatory Bowel Disease in Humans and Mice."	"Inflammatory bowel disease x smoking status (never vs current smoking) interaction"	"smoking status measurement,inflammatory bowel disease"	-	"24622 NR"		2	NA	no	no	"Targeted genotyping array"	28506689	"19,735 cases,4,887 controls"	NA
"Yadav P"	GCST90137957	2017-05-12	Gastroenterology	"Genetic Factors Interact With Tobacco Smoke to Modify Risk for Inflammatory Bowel Disease in Humans and Mice."	"Inflammatory bowel disease x smoking status (never vs former smoking) interaction"	"smoking status measurement,inflammatory bowel disease"	-	"24622 NR"		4	NA	no	no	"Targeted genotyping array"	28506689	"19,735 cases,4,887 controls"	NA
"Gong W"	GCST90271321	2023-02-08	"JAMA Psychiatry"	"Role of the Gut-Brain Axis in the Shared Genetic Etiology Between Gastrointestinal Tract Diseases and Psychiatric Disorders: A Genome-Wide Pleiotropic Analysis."	"Inflammatory bowel disease or major depressive disorder (pleiotropy)"	"unipolar depression,inflammatory bowel disease"	-	"956526 European"		7	NA	no	no	"Genome-wide genotyping array"	36753304	"7,045 European ancestry inflammatory bowel disease cases,170,056 European ancestry major depressive disorder cases,778,725 European ancestry controls"	NA
"Gong W"	GCST90271322	2023-02-08	"JAMA Psychiatry"	"Role of the Gut-Brain Axis in the Shared Genetic Etiology Between Gastrointestinal Tract Diseases and Psychiatric Disorders: A Genome-Wide Pleiotropic Analysis."	"Inflammatory bowel disease or schizophrenia (pleiotropy)"	"schizophrenia,inflammatory bowel disease"	-	"561645 European"		6	NA	no	no	"Genome-wide genotyping array"	36753304	"7,045 European ancestry inflammatory bowel disease cases,40,675 European ancestry schizophrenia cases,513,925 European ancestry controls"	NA
"Gong W"	GCST90271323	2023-02-08	"JAMA Psychiatry"	"Role of the Gut-Brain Axis in the Shared Genetic Etiology Between Gastrointestinal Tract Diseases and Psychiatric Disorders: A Genome-Wide Pleiotropic Analysis."	"Inflammatory bowel disease or bipolar disorder (pleiotropy)"	"schizophrenia,inflammatory bowel disease"	-	"869793 European"		5	NA	no	no	"Genome-wide genotyping array"	36753304	"7,045 European ancestry inflammatory bowel disease cases,41,917 European ancestry bipolar disorder cases,820,831 European ancestry controls"	NA
"Gong W"	GCST90271324	2023-02-08	"JAMA Psychiatry"	"Role of the Gut-Brain Axis in the Shared Genetic Etiology Between Gastrointestinal Tract Diseases and Psychiatric Disorders: A Genome-Wide Pleiotropic Analysis."	"Inflammatory bowel disease or anorexia nervosa (pleiotropy)"	"schizophrenia,inflammatory bowel disease"	-	"528844 European"		2	NA	no	no	"Genome-wide genotyping array"	36753304	"7,045 European ancestry inflammatory bowel disease cases,16,992 European ancestry anorexia nervosa cases,504,807 European ancestry controls"	NA
"Khrom M"	GCST90301320	2023-06-01	"Inflamm Bowel Dis"	"Sex-Dimorphic Analyses Identify Novel and Sex-Specific Genetic Associations in Inflammatory Bowel Disease."	"Inflammatory bowel disease x sex interaction (2df)"	"sex interaction measurement,inflammatory bowel disease"	-	"73704 European"		36	NA	no	no	"Genome-wide genotyping array"	37262302	"34,579 European ancestry cases,39,125 European ancestry controls"	NA
"Yu X"	GCST90428829	2024-04-15	"BMC Med"	"Shared genetic architecture between autoimmune disorders and B-cell acute lymphoblastic leukemia: insights from large-scale genome-wide cross-trait analysis."	"B-cell lymphoblastic leukemia or inflammatory bowel disease (pleiotropy)"	"B-cell acute lymphoblastic leukemia,inflammatory bowel disease"	-	"81944 European"		16	NA	no	no	"Genome-wide genotyping array"	38616254	"25,042 European ancestry inflammatory bowel disease cases,5,321 European ancestry B-ALL cases,51,581 European ancestry controls"	NA
"O'Donnell S"	GCST007497	2019-02-25	"Inflamm Bowel Dis"	"The Unsolved Link of Genetic Markers and Crohn's Disease Progression: A North American Cohort Experience."	"Crohn's disease (time to progression)"	"disease progression measurement,Crohn's disease"	-	"662 European"		12	NA	no	-	"Genome-wide genotyping array"	30801121		NA
"O'Donnell S"	GCST007498	2019-02-25	"Inflamm Bowel Dis"	"The Unsolved Link of Genetic Markers and Crohn's Disease Progression: A North American Cohort Experience."	"Crohn's disease (time to first abdominal surgery)"	"disease progression measurement,Crohn's disease"	-	"1360 European"		7	NA	no	-	"Genome-wide genotyping array"	30801121	"1,360 European ancestry individuals"	NA
"O'Donnell S"	GCST007499	2019-02-25	"Inflamm Bowel Dis"	"The Unsolved Link of Genetic Markers and Crohn's Disease Progression: A North American Cohort Experience."	"Crohn's disease (indolent vs progressive)"	"disease progression measurement,Crohn's disease"	-	"1263 European"		15	NA	no	-	"Genome-wide genotyping array"	30801121		NA
"Franke A"	GCST000212	2008-07-21	Gastroenterology	"Genome-wide association analysis in sarcoidosis and Crohn's disease unravels a common susceptibility locus on 10p12.2."	"Crohn's disease and sarcoidosis (combined)"	"sarcoidosis,Crohn's disease"	-	"1174 European"	"2408 European"	1	NA	no	-	"Genome-wide genotyping array"	18723019		"660 European ancestry Crohn's disease cases,657 European ancestry Sarcoidosis cases,1,091 European ancestry controls"
"Festen EA"	GCST000955	2011-01-27	"PLoS Genet"	"A meta-analysis of genome-wide association scans identifies IL18RAP, PTPN2, TAGAP, and PUS10 as shared risk loci for Crohn's disease and celiac disease."	"Crohn's disease and celiac disease"	"celiac disease,Crohn's disease"	-	"10249 European"	"11367 European"	2	NA	no	-	"Genome-wide genotyping array"	21298027	"3,230 European ancestry Crohn's disease cases, 768 European ancestry celiac disease cases,6,251 European ancestry controls"	"1,835 European ancestry Crohn's disease cases,3,149 European ancestry celiac disease cases,6,383 European ancestry controls"
"Ellinghaus D"	GCST001473	2012-04-06	"Am J Hum Genet"	"Combined analysis of genome-wide association studies for Crohn disease and psoriasis identifies seven shared susceptibility loci."	"Crohn's disease and psoriasis"	"psoriasis,Crohn's disease"	-	"15131 European"	"17360 European"	4	NA	no	-	"Genome-wide genotyping array"	22482804	"2,529 European ancestry psoriasis cases,2,142 European ancestry Crohn's disease cases,10,460 European ancestry controls"	"Up to 3,187 European ancestry psoriasis cases,4,073 European ancestry Crohn's disease cases,10,100 European ancestry controls"
"González-Serna D"	GCST010124	2020-02-05	"Sci Rep"	"A cross-disease meta-GWAS identifies four new susceptibility loci shared between systemic sclerosis and Crohn's disease."	"Crohn's disease or systemic sclerosis"	"systemic scleroderma,Crohn's disease"	-	"11657 European"	"13233 European"	4	NA	no	-	"Genome-wide genotyping array"	32024964	"2,281 European ancestry systemic sclerosis cases,1,988 European ancestry Crohn’s disease cases,7,388 European ancestry controls"	"3,453 European ancestry systemic sclerosis cases,2,600 European ancestry Crohn’s disease cases,7,180 European ancestry controls"
"Jung S"	GCST90103739	2022-05-05	"Hum Mol Genet"	"Identification of shared loci associated with both Crohn's disease and leprosy in east Asians. "	"Crohn's disease or Leprosy"	"leprosy,Crohn's disease"	-	"10980 East Asian"		2	"http://ftp.ebi.ac.uk/pub/databases/gwas/summary_statistics/GCST90103001-GCST90104000/GCST90103739"	no	yes	"Genome-wide genotyping array"	35512355	"3,739 Chinese, Korean ancestry cases,7,241 Chinese, Korean ancestry controls"	NA
"Jung S"	GCST90103740	2022-05-05	"Hum Mol Genet"	"Identification of shared loci associated with both Crohn's disease and leprosy in east Asians. "	"Crohn's disease or Leprosy (opposite effect)"	"leprosy,Crohn's disease"	-	"10980 East Asian"		9	"http://ftp.ebi.ac.uk/pub/databases/gwas/summary_statistics/GCST90103001-GCST90104000/GCST90103740"	no	yes	"Genome-wide genotyping array"	35512355	"3,739 Chinese, Korean ancestry cases,7,241 Chinese, Korean ancestry controls"	NA
"Peyrot WJ"	GCST90016610	2021-03-08	"Nat Genet"	"Identifying loci with different allele frequencies among cases of eight psychiatric disorders using CC-GWAS."	"Crohn's disease vs rheumatoid arthritis (ordinary least squares (OLS))"	"rheumatoid arthritis,Crohn's disease"	-	"14831 NR"	"20080 NR"	24	"http://ftp.ebi.ac.uk/pub/databases/gwas/summary_statistics/GCST90016001-GCST90017000/GCST90016610"	no	no	"Genome-wide genotyping array"	33686288	"5,956 Crohn's disease cases,8,875 rheumatoid arthritis cases"	"14,594 Crohn's disease cases,5,486 rheumatoid arthritis cases"
"Yadav P"	GCST90137949	2017-05-12	Gastroenterology	"Genetic Factors Interact With Tobacco Smoke to Modify Risk for Inflammatory Bowel Disease in Humans and Mice."	"Crohn's disease x smoking status (never vs ever smoking) interaction"	"smoking status measurement,Crohn's disease"	-	"15743 NR"		2	NA	no	no	"Targeted genotyping array"	28506689	"10,856 cases,4,887 controls"	NA
"Yadav P"	GCST90137952	2017-05-12	Gastroenterology	"Genetic Factors Interact With Tobacco Smoke to Modify Risk for Inflammatory Bowel Disease in Humans and Mice."	"Crohn's disease x smoking status (never vs current smoking) interaction"	"smoking status measurement,Crohn's disease"	-	"15743 NR"		3	NA	no	no	"Targeted genotyping array"	28506689	"10,856 cases,4,887 controls"	NA
"Yadav P"	GCST90137955	2017-05-12	Gastroenterology	"Genetic Factors Interact With Tobacco Smoke to Modify Risk for Inflammatory Bowel Disease in Humans and Mice."	"Crohn's disease x smoking status (never vs former smoking) interaction"	"smoking status measurement,Crohn's disease"	-	"15743 NR"		1	NA	no	no	"Targeted genotyping array"	28506689	"10,856 cases,4,887 controls"	NA
"Khrom M"	GCST90301328	2023-06-01	"Inflamm Bowel Dis"	"Sex-Dimorphic Analyses Identify Novel and Sex-Specific Genetic Associations in Inflammatory Bowel Disease."	"Crohn's disease x sex interaction (2df)"	"sex interaction measurement,Crohn's disease"	-	"58538 European"		26	NA	no	no	"Genome-wide genotyping array"	37262302	"19,413 European ancestry cases,39,125 European ancestry controls"	NA
"Yu X"	GCST90428830	2024-04-15	"BMC Med"	"Shared genetic architecture between autoimmune disorders and B-cell acute lymphoblastic leukemia: insights from large-scale genome-wide cross-trait analysis."	"B-cell lymphoblastic leukemia or Crohn's disease (pleiotropy)"	"B-cell acute lymphoblastic leukemia,Crohn's disease"	-	"62253 European"		10	NA	no	no	"Genome-wide genotyping array"	38616254	"12,194 European ancestry crohn's disease cases,5,321 European ancestry B-ALL cases,44,738 European ancestry controls"	NA
"Trochet H"	GCST008910	2019-03-28	"Genet Epidemiol"	"Bayesian meta-analysis across genome-wide association studies of diverse phenotypes."	"Multiple traits (pleiotropy)"	"Barrett's esophagus,cardioembolic stroke,ankylosing spondylitis,psoriasis,pneumococcal bacteremia,mathematical ability,Parkinson disease,multiple sclerosis,bacteriemia,small vessel stroke,reading,schizophrenia,psychosis,large artery stroke,visceral Leishmaniasis,ulcerative colitis,glaucoma,response to metformin"	-	"1970 Hispanic or Latin American,53842 European,4213 Sub-Saharan African,2078 South Asian"		0	NA	no	-	"Genome-wide genotyping array"	30920090	"1,787 European ancestry ankylosing spondylitis cases,9,772 European ancestry multiple sclerosis cases,2,178 European ancestry psoriasis cases,2,361 European ancestry ulcerative colitis cases, 844 European ancestry large vessel ischemic stroke cases, 580 European ancestry small vessel ischemic stroke cases, 790 European ancestry cardioembolic ischemic stroke cases,2,794 European ancestry individuals with reading score and mathematics score measurements,1,606 European ancestry schizophrenia cases,1,239 European ancestry psychosis cases,1,705 European ancestry Parkinson's disease cases,1,852 European ancestry Barrett's esophagus cases,1,024 European ancestry individuals with metformin response measurements,2,302 European ancestry glaucoma cases, 429 Kenyan ancestry pneumococcal bacteremia cases,1,107 Kenyan ancestry other bacteremia cases, 357 Brazilian ancestry visceral leishmaniasis cases, 989 Indian ancestry visceral leishmaniasis cases,23,008 European ancestry controls,2,677 Kenyan ancestry controls,1,613 Brazilian ancestry controls,1,089 Indian ancestry controls"	NA
